slug;name;plz;ort;website
abens-donau-energie;Abens;84048;Mainburg;
abita;Abita;67655;Kaiserslautern;
aggerenergie;AggerEnergie;51643;Gummersbach;
ahrtal-werke;Ahrtal;53474;Bad Neuenahr-Ahrweiler;
albstadtwerke;Albstadtwerke;72461;Albstadt;
albwerk;Albwerk;73312;Geislingen an der Steige;
aldi-gruene-energie;ALDI Grüne Energie;67059;Ludwigshafen;
allgaeuer-kw;Allgäuer Kw;87527;Sonthofen;
alpiq;Alpiq;10623;Berlin;
ammer-loisach;Ammer;82487;Oberammergau;
aras-energy;Aras Energy GmbH;10707;Berlin;
audax-energie;Audax Energie;12489;Berlin;
auew;AÜW;87435;Kempten;
avg;AVG;;;
avu;AVU;58285;Gevelsberg;
aw-eggebek;AW Eggebek;24997;Wanderup;
backnangstrom;backnangstrom;71522;Backnang;
bad-lauterberg;Bad Lauterberg;37431;Bad Lauterberg im Harz;
badenova;Strom von badenova;79108;Freiburg;
bantleon-crimmitsch;Strom von Bantleon Crimmitsch;08451;Crimmitschau;
bantleon-ulm;Strom von Bantleon Ulm;89077;Ulm;
bauer;Bauer;84428;Buchbach;
bayernwerk-regio;Bayernwerk Regio;93049;Regensburg;
baywa-oekoenergie;Strom von BayWa Ökoenergie;81925;München;
bbsw;BBSW;32839;Steinheim;
beg-fs;BEG;85354;Freising;
belkaw;BELKAW;51469;Bergisch-Gladbach;
benergie-service;Benergie;28195;Bremen;
bergmann;Bergmann;38440;Wolfsburg;
berliner-stadtwerke;Berliner Stadtwerke;10179;Berlin;
beste-sw;BeSte Sw;32839;Steinheim;
bew;BEW;51688;Wipperfürth;
bewag-marke-vf;Bewag Marke VF;20457;Hamburg;
bhag;BHAG;53604;Bad Honnef;
bigge-energie;BIGGE ENERGIE;57439;Attendorn;
billig-will-ich-;Billig Will ich!;86152;Augsburg;
biokraftgesellschaft;Strom von Biokraftgesellschaft;47441;Moers;
blomberger-vb;Blomberger VB;32825;Blomberg;
bocholter-ew;Bocholter EW;46395;Bocholt;
bodensee-energie;Strom von Bodensee Energie;;;
bonus-strom;Bonus Strom;24857;Fahrdorf;
bremer-energiehaus;Bremer Energiehaus;28195;Bremen;
brillant-energie;Brillant Energie;04277;Leipzig;
bs-energy;Strom von BS;;;
buergerenergie;BürgerEnergie;42719;Solingen;
buergergas;BürgerGas;63584;Gr;
buergerwerke;Bürgerwerke Strom;69124;Heidelberg;
burgenland-energie;Burgenland Energie;06712;Zeitz;
buzzn;buzzn;;;
cb-energie;CB Energie;26789;Leer;
change-energy;Change! Energy;30163;Hannover;
citiwerke;Citiwerke;78224;Singen;
clean-energy-power;Clean Energy Power;04109;Leipzig;
clubstrom;Clubstrom;95028;Hof;
coronaenergie;Coronaenergie;57072;Siegen;
craemer-schmaeling;Crämer Schmäling GmbH;59557;Lippstadt;
cramer-muehle;Cramer Mühle;97424;Schweinfurt;
de-dollart-energie;DE Dollart Energie;26844;Jemgum;
deine-waermeenergie;Deine Wärmeenergie;45128;Essen;
dew21;DEW21;;;
die-energie;Die Energie;97753;Karlstadt;
die-energievorsorger;Strom von die energievorsorger;;;
discounter-energie;Discounter;81379;München;
dreipunkt-energie;Strom von Dreipunkt Energie;58285;Gevelsberg;
dreischtrom;Dreischtrom;02977;Hoyerswerda;
drewag;Strom von DREWAG;;;
drift;DRIFT;24113;Kiel;
e-ben;e;64625;Bensheim;
e-genossenschaft-geg;Gas;06772;Möhlau;
e-nordschaumburg;E. Nordschaumburg;31515;Wunstorf;
e-on-heizstrom-nord;E.ON Heizstrom Nord GmbH;80634;München;
e-on-heizstrom-sued;E.ON Heizstrom Süd GmbH;80634;München;
e-regio;e;53881;Euskirchen;
e-rp-gmbh;e;55232;Alzey;
e-vita;Strom von E.VITA;70567;Stuttgart;
e-wa-riss;e.wa riss;88400;Biberach;
e-werk-aach;E;78532;Tuttlingen;
e-werk-diessen;E;86911;Diessen;
e-werk-eirich;E;74736;Hardheim;
e-werk-ensinger;E;73277;Owen;
e-werk-gerolsheim;EW Gerolsheim;67227;Frankenthal;
e-werk-geuder;Strom von E;97990;Weikersheim;
e-werk-glattbach;E;63864;Glattbach;
e-werk-grandl;E;84513;Erharting;
e-werk-haimmerer;E;83101;Rohrdorf;
e-werk-hauenstein;E;76846;Hauenstein;
e-werk-heinzelmann;E;77709;Wolfach-Halbmeil;
e-werk-hindelang;E;87541;Bad Hindelang;
e-werk-kandern;E;79400;Kandern;
e-werk-landsberg;E;86899;Landsberg am Lech;
e-werk-ley;E;74549;Wolpertshausen;
e-werk-mittelbaden;EW Mittelbaden;77933;Lahr;
e-werk-mueller;E;97285;Tauberrettersheim;
e-werk-obernzell;EW Markt Obernzell;94130;Obernzell;
e-werk-oberwoessen;E;83246;Oberwössen;
e-werk-ottenhoefen;E;77883;Ottenhöfen;
e-werk-peissker;E;07338;Kaulsdorf;
e-werk-reutte;EW Reutte;87629;Füssen;
e-werk-rieger;E;72805;Lichtenstein;
e-werk-rohmund;E;37269;Eschwege-Niederhone;
e-werk-rosenmuehle;E;84163;Marklkofen-Warth;
e-werk-sachsenwald;e;21465;Reinbek;
e-werk-satrup;E;24986;Satrup;
e-werk-schirmer;E;95197;Schauenstein;
e-werk-schweiger;E;85445;Schwaig;
e-werk-stengle;E;72108;Rottenburg a. N.;
e-werk-tegernsee;E;83684;Tegernsee;
e-werk-wanfried;E;37281;Wanfried;
e-werk-wennenmuehle;E;86733;Alerheim;
e-werke-duesseldorf;E;40549;Düsseldorf;
e-werke-haniel;E;85778;Haimhausen;
e-werke-isernhagen;E;30916;Isernhagen;
e-wie-einfach;E WIE EINFACH;;;e-wie-einfach.de
eam;EAM;34131;Kassel;
ebb;EBB;48455;Bad Bentheim;
eberwerk;EBERwerk;85560;Ebersberg;
ebld-schweiz-strom;EBLD Schweiz Strom;79618;Rheinfelden;
eckhard-energie;Eckhard Energie;64750;Lützelbach;
ecoswitch;ecoSWITCH;74564;Crailsheim;
edelweiss-strom;Edelweiß STROM;20359;Hamburg;
edie-strom;EDIE Strom;63179;Obertshausen;
eg-bierenbachtal;EG Bierenbachtal;51588;Nümbrecht;
eg-broeltaler;EG Bröltaler;;;
eg-dirmstein;EG Dirmstein;67227;Frankenthal;
eg-engelsberg;EG Engelsberg;84549;Engelsberg;
eg-hasbergen;EG Hasbergen;49205;Hasbergen;
eg-hauingen;EG Hauingen;;;
eg-karlstein;EG Karlstein;83435;Bad Reichenhall;
eg-levern;EG Levern;32351;Stemwede-Levern;
eg-nordhalben;EG Nordhalben;96365;Nordhalben;
eg-oesterweg;EG Oesterweg;33775;Versmold;
eg-ohlstadt;EG Ohlstadt;82441;Ohlstadt;
eg-pinzberg;EG Pinzberg;91361;Pinzberg;
eg-rettenberg;EG Rettenberg;87549;Rettenberg;
eg-roethenbach;EG Röthenbach;88167;Röthenbach;
eg-schlachters;EG Schlachters;88138;Sigmarszell;
eg-schonstett;EG Schonstett;83137;Schonstett;
eg-tacherting-feich-;Stromanbieter Elektrizitäts;83342;Tacherting;
eg-unterkirnach;EG Unterkirnach;78089;Unterkirnach;
eg-unterneukirchen;EG Unterneukirchen;84579;Unterneukirchen;
eg-wittmund;EG Wittmund;26409;Wittmund;
eg-wolkersdorf;EG Wolkersdorf;83278;Traunstein-Wolkersdorf;
egf;EGF;35066;Frankenberg;
egt-energiehandel;EGT Energiehandel;78098;Triberg;
egt-energievertrieb;EGT Energievertrieb;78098;Triberg;
ehinger-energie;Ehinger Energie;89584;Ehingen;
eichsfeldgas;Eichsfeldgas;37339;Leinefeld-Worbis;
einhorn-energie;Einhorn Energie;89537;Giengen;
eins;eins energie;09111;Chemnitz;
eks;EKS;;;
ele;ELE;45879;Gelsenkirchen;
elektra-effeltrich;Elektra Effeltrich;91090;Effeltrich;
elektro-trueck;Elektro;72270;Baiersbronn - Obertal;
elogico;Elogico;;;
emb-brandenburg;Strom von EMB Brandenburg;14552;Michendorf;
emb;EMB;63897;Miltenberg;
emil-energie;Strom von Emil Energie;66111;Saarbrücken;
emma;EMMA;67063;Ludwigshafen;
ems;Strom von EMS;95213;Münchberg;
emw;EV Mainhardt;74535;Mainhardt;
enbw-odr;EnBW ODR;73479;Ellwangen;
enbw-vertrieb;EnBW;;;
enercity;enercity;30169;Hannover;
eneregio;eneREGIO;76461;Muggensturm;
energie-ag-iserlohn;Energie AG Iserlohn;58638;Iserlohn;
energie-calw;Energie Calw;75365;Calw;
energie-kieselbronn;Energie Kieselbronn;75249;Kieselbronn;
energie-rellingen;Energie Rellingen;25462;Rellingen;
energie-rhein-sieg;Energie Rhein;53757;Sankt Augustin;
energie-saarlorlux;Energie SaarLorLux;66111;Saarbrücken;
energie-sachsenheim;Energie Sachsenheim;74343;Sachsenheim;
energie-suedbayern;Energie Südbayern;81539;München;
energie-von-nebenan;Energie von nebenan;44623;Herne;
energie-vorpommern;Energie Vorpommern;17449;Trassenheide;
energie-wie-wir;Strom von Energie wie wir;28215;Bremen;
energiearraykarraympfelbach;Energie Kämpfelbach GmbH;75236;Kämpfelbach;
energiegut;Strom von energieGUT;47053;Duisburg;
energiehandeldresden;Energiehandel Dresden;01067;Dresden;
energiehaus-dresden;Energiehaus Dresden;01067;Dresden;
energiehoch3;Strom von energiehoch3;44787;Bochum;
energierevolte;EnergieRevolte;52351;Düren;
energieried;ENERGIERIED;68623;Lampertheim;
energiesuedwest;EnergieSüdwest;76829;Landau;
energieversprechen;energieversprechen;53840;Troisdorf;
energis;energis;66121;Saarbrücken;
energruen;Energrün;21335;Lüneburg;
energy-market-s;Energy Market S.;10557;Berlin;
energy4u;energy4u;53721;Siegburg;
enerline;enerline;14772;Brandenburg an der Havel;
enerswitch;Strom von enerSwitch;52222;Stolberg;
enewa;enewa;53343;Wachtberg;
enni;ENNI Energie;47441;Moers;
enno-energie;enno energie;59929;Brilon;
enpure;ENPURE;22297;Hamburg;
enqu;enQu;24113;Kiel;
enrigo;enrigo;08468;Reichenbach;
enrw;ENRW;78628;Rottweil;
enso;Strom von SachsenEnergie AG;;;
enspire-grueneenergie;Strom von Enspire GrüneEnergie;78467;Konstanz;
enstroga;ENSTROGA;40789;Monheim am Rhein;
ensys;Ensys;60313;Frankfurt am Main;
entega;entega;;;
entro;EV Trossingen;78647;Trossingen;
enviam;enviaM;09114;Chemnitz;
envitra;envitra;65187;Wiesbaden;
enwag;enwag;35576;Wetzlar;
enwds;EnWdS;71263;Weil der Stadt;
enwor;enwor;52134;Herzogenrath;
enyway-kroeger;Strom von enyway Kröger;22297;Hamburg;
eon;E.ON;;;
eprimo;eprimo;;;
erdgas-mittelsachsen;Erdgas Mittelsachsen Tarife & Erfahrungen;39443;Staßfurt-Brumby;
erdgas-schwaben;energie schwaben;86199;Augsburg;
erdgas-suedwest;Erdgas Südwest;76275;Ettlingen;
erenja;Erenja;45891;Gelsenkirchen;
erlanger-sw;Erlanger SW;91052;Erlangen;
ermstalenergie;ErmstalEnergie;72581;Dettingen/Erms;
es-schmitz;ES Schmitz;50169;Kerpen;
esm;ESM;95100;Selb;
estadtwerke-energiehaus;ESW EnergieHaus Stadtwerke;67063;Ludwigshafen;
eswe;Strom von ESWE;;;
eurogate;EUROGATE;27568;Bremerhaven;
ev-apolda;EV Apolda;99510;Apolda;
ev-bad-boll;EV Bad Boll;73312;Geislingen;
ev-beckum;EV Beckum;59269;Beckum;
ev-boebing;EV Böbing;82389;Böbing;
ev-buching;EV Buching;87642;Halblech;
ev-burghausen;EV Burghausen;84489;Burghausen;
ev-dahlenburg-bl-;EV Dahlenburg;21368;Dahlenburg;
ev-emsbueren;EV Emsbüren;48465;Sch;
ev-filstal;Strom von EV Filstal;73033;Göppingen;
ev-gaildorf;EV Gaildorf;74405;Gaildorf - Unterrot;
ev-gemuenden;EV Gemünden;97737;Gemünden am Main;
ev-gera;EV Gera;07545;Gera;
ev-greiz;EV Greiz;07973;Greiz;
ev-guben;EV Guben;03172;Guben;
ev-ihmert;EV Ihmert;58675;Hemer;
ev-inselsberg;EV Inselsberg;99880;Waltershausen;
ev-klettgau-rheintal;Energieversorgung Klettgau;79771;Klettgau;
ev-kranenburg;EV Kranenburg;47559;Kranenburg;
ev-lenningen;EV Lenningen;73252;Lenningen;
ev-leverkusen;EV Leverkusen;51371;Leverkusen;
ev-main-spessart;EV Main;63741;Aschaffenburg;
ev-marienberg;EV Marienberg;09496;Marienberg;
ev-michelfeld;EV Michelfeld;74545;Michelfeld;
ev-oberhausen;Strom von EV Oberhausen;46045;Oberhausen;
ev-oberstdorf;EV Oberstdorf;87561;Oberstdorf;
ev-oelde;EV Oelde;59302;Oelde;
ev-offenbach;EV Offenbach;63067;Offenbach;
ev-ottobrunn;EV Ottobrunn;85521;Ottobrunn;
ev-oy-kressen;EV Oy;87466;Oy-Mittelberg;
ev-pirna;Strom von EV Pirna;01796;Pirna;
ev-rodau;EV Rodau;63110;Rodgau;
ev-rudolstadt;EV Rudolstadt;07407;Rudolstadt;
ev-ruesselsheim;EV Rüsselsheim;65428;Rüsselsheim;
ev-schmalkalden;Strom von EV Schmalkalden;98574;Schmalkalden;
ev-schmid;EV Schmid;83417;Kirchanschöring;
ev-sehnde;EV Sehnde;31319;Sehnde;
ev-suedbaar;EV Südbaar;78176;Blumberg;
ev-sylt;EV Sylt;25980;Westerland;
ev-titisee-neustadt;EV Titisee;79822;Titisee-Neustadt;
ev-wiesental;EV Oberes Wiesental;79674;Todtnau;
ev-winterborn;EV Winterborn;;;
eva-siegsdorf;EG Vogling;83313;Siegsdorf;
eva;EV Alzenau;63755;Alzenau;
evb-eisenach;Eisenacher VB;99817;Eisenach;
evb;EVB;35510;Butzbach;
evd-dormagen;evd Dormagen;41540;Dormagen;
evd;EVD;40789;Monheim am Rhein;
eve;EVE;29451;Dannenberg;
evg-perlesreut;EVG Perlesreut;94157;Perlesreut;
evg;Strom von EVG;15890;Eisenh;
evh-gmbh;Strom von EVH GmbH;;;
evi-hildesheim;EVI Hildesheim;31137;Hildesheim;
evl;EVL;65549;Limburg an der Lahn;
evm;Strom von evm;56073;Koblenz;
evn-nordhausen;EVN Nordhausen;99734;Nordhausen;
evu-gochsheim;EVU Gochsheim;97469;Gochsheim;
evu-hettenleidelheim;Stromanbieter Elektrizitätsversorgungsunternehmen Hettenleidelheim;67310;Hettenleidelheim;
evu-kipfenberg;EVU Kipfenberg;85110;Kipfenberg;
evu-langenpreising;GW Langenpreising;85456;Wartenberg;
evu-spaeth;EVU Späth;93470;Lohberg;
evu-wattenheim;EVU Wattenheim;67310;Hettenleidelheim;
evu-weilerbach;Verbandsgemeinde Weilerbach Elektrizitätsversorgung;67685;Weilerbach;
evu-winden;EVU Winden;76887;Bad Bergzabern;
ew-bitz;EW Bitz;72461;Albstadt;
ew-buende;EW Bünde;32257;Bünde;
ew-eichenmueller;Ew Eichenmüller;91278;Pottenstein;
ew-geiger;EW Geiger;93474;Arrach;
ew-goldbach-hoesbach;Ew Goldbach;63773;Goldbach;
ew-leitlein;EW Leitlein;74670;Forchtenberg;
ew-lottstetten;Ew Lottstetten;79807;Lottstetten;
ew-mainbernheim;EW Mainbernheim;97350;Mainbernheim;
ew-meckenheim;EW Meckenheim;67149;Meckenheim;
ew-ortenau;EW Ortenau;77855;Achern;
ew-potsdam;EW Potsdam;14480;Potsdam;
ew-rheine;EW Rheine;48431;Rheine;
ew-schmid-gmbh;EW Schmid;94437;Mamming;
ew-tegernsee;EW Tegernsee;83684;Tegernsee;
ew-waldbroel;Strom von Ew Waldbröl;51545;Waldbröl;
ew-zeulenroda;EW Zeulenroda;07937;Zeulenroda;
ewa;Ewa;04600;Altenburg;
ewag-kamenz;ewag kamenz;01917;Kamenz;
ewag;EWAG;89264;Weißenhorn;
ewb-bautzen;EWB Bautzen;02625;Bautzen;
ewb-duderstadt;EWB Duderstadt;37115;Duderstadt;
ewb;Strom von SW Bruchsal;76646;Bruchsal;
ewe;EWE;26133;Oldenburg;
ewerke-berlin;Elektrizitätsversorgung Berlin;;;
ewf;EWF;34497;Korbach;
ewg-vagen;EWG Vagen;83620;Feldkirchen-Westerham;
ewg;EWG;33824;Werther;
ewh;ewh;56242;Selters;
ewk;EWK Kirchzarten;79199;Kirchzarten;
ewo;EWO;28870;Ottersberg;
ewr-remscheid;EWR Remscheid;42855;Remscheid;
ewr-worms;EWR Worms;67547;Worms;
ews-schoenau;Elektrizitätswerken Schönau;79677;Schönau/Schw.;
ews;EW Wahlstedt;23795;Bad Segeberg;
ewv-baesweiler;EWV Baesweiler;52499;Baesweiler;
ewv-stolberg;EWV Stolberg;52222;Stolberg;
extraenergie;ExtraEnergie;;;
extragruen-gmbh;ExtraGrün GmbH;40789;Monheim am Rhein;
extragruen;ExtraGrün;40789;Monheim am Rhein;
ezv;EZV;63939;Wörth a. Main;
fair-trade-power;Fair Trade Power;81547;München;
fairenergie;Strom von FairEnergie;72762;Reutlingen;
fanergie;FaNergie;71691;Freiberg am Neckar;
fbg-bremerhaven;FBG Bremerhaven;27572;Bremerhaven;
ffew;FFEW;87757;Kirchheim/Schwaben;
fgw;Feuchter GW;90537;Feucht;
filderstadtwerke;Filderstadtwerke;70794;Filderstadt-Sielmingen;
firstcon;FirstCon;21407;Deutsch Evern;
fischerstrom;FischerStrom;83533;Edling;
fohlenstrom;Fohlenstrom;41236;Mönchengladbach;
freiberger-strom;Freiberger Strom;09599;Freiberg;
freisinger-sw;Freisinger Sw;85354;Freising;
freitaler-sgv;Freitaler SGV;01705;Freital/Sachsen;
friesenenergie;friesenenergie;26434;Wangerland;
friesenwerk;FriesenWerk GmbH;26789;Leer;
fromholz;Fromholz – Energie GmbH;17429;Benz;
ftenergie;FT.Energie;67227;Frankenthal;
fuenfwerke;Strom von fünfwerke;65549;Limburg;
fulda-eder-energie;Fulda;34281;Gudensberg;
fuxx;Fuxx;40789;Monheim am Rhein;
gas-in;GAS IN;24143;Kiel;
gasag;Strom von GASAG;10829;Berlin;
gaspar;GASPAR;50968;Köln;
gazprom-energy;Strom von Gazprom Energy;65396;Walluf;
gelsenwasser;Gelsenwasser;45657;Recklinghausen;
gem-heroldsbach;Gem Heroldsbach;91336;Heroldsbach;
gemeindewerk-soerup;Gemeindewerk Sörup;24966;Sörup;
gemeindewerke-huenxe;Gemeindewerke Hünxe;46569;Hünxe;
geno-energie;Strom von GENO Energie;70191;Stuttgart;
geo-ostalb;GEO Ostalb;73447;Oberkochen;
georg-oest;Georg Oest;72250;Freudenstadt;
gew-burtenbach;GEW Burtenbach;89349;Burtenbach;
gew-gammertingen;GEW Gammertingen;72501;Gammertingen;
gew-wilhelmshaven;GEW Wilhelmshaven;26382;Wilhelmshaven;
ggew;Strom von GGEW;64625;Bensheim;
gku-oberes-egertal;gKU Oberes Egertal;95163;Weißenstadt;
gm-zwiefalten;GM Zwiefalten;88529;Zwiefalten;
gms-gebr-miller;GMS Gebr. Miller;88477;Schwendi;
gnf;Strom von GNF;90537;Feucht;
goldgas;Strom von goldgas;;;
goldstrom;goldstrom;;;
gp-joule-plus;GP JOULE Plus;25821;Reußenköge;
green-city-power;Green City Power;80335;München;
green-planet-energy;GreenPlanet Energy;;;
greenergy24;greenergy24;31535;Neustadt am Rübenberge;
greenline;Greenline;39218;Schönebeck;
gridx;Strom von gridX;52064;Aachen;
grimmener-sw;Strom von Grimmener Sw;18507;Grimmen;
gruen-power;grün.power;55124;Mainz;
gruener-funke;Grüner Funke;40789;Monheim am Rhein;
gruenes;grünES;73728;Esslingen am Neckar;
gruenhausenergie;GrünHausEnergie Tarife & Erfahrungen;45478;Mülheim an der Ruhr;
gruenstromwerk;Strom von Grünstromwerk;20459;Hamburg;
gruenwelt-energie;Strom von Grünwelt Energie;41564;Kaarst;
gruenwelt-waermestrom;Grünwelt Wärmestrom;41564;Kaarst;
grueueuen;grüüün;95365;Rugendorf;
gs-wadgassen;GS Wadgassen;66787;Wadgassen;
gsr;GSV Röttenbach;91341;Röttenbach;
gsw;Strom von GSW;59174;Kamen;
gut-gruen;Strom von Gut & Grün;44787;Bochum;
gvg;Strom von GVG;50354;Hürth;
gw-ammerbuch;Gw Ammerbuch;72119;Ammerbuch;
gw-bad-sassendorf;GW Bad Sassendorf;59505;Bad Sassendorf;
gw-baiersbronn;Gw Baiersbronn;72270;Baiersbronn;
gw-bay-gmain;GW Bay. Gmain;83457;Bayerisch Gmain;
gw-bobenheim;Gw Bobenheim;67240;Bobenheim-Roxheim;
gw-bovenden;Gw Bovenden;37120;Bovenden;
gw-brueggen;Gw Brüggen;41379;Brüggen;
gw-budenheim;Gw Budenheim;55257;Budenheim;
gw-cadolzburg;Gw Cadolzburg;90556;Cadolzburg;
gw-dudenhofen;Gw Dudenhofen;67373;Dudenhofen;
gw-ebersdorf;Gw Ebersdorf;96237;Ebersdorf;
gw-eppelborn;GW Eppelborn;66571;Eppelborn;
gw-everswinkel;Gw Everswinkel;48351;Everswinkel;
gw-frammersbach;Gw Frammersbach;97833;Frammersbach;
gw-fussgoenheim;Gemeindewerk Fußgönheim;67133;Maxdorf;
gw-gangkofen;Gw Gangkofen;84140;Gangkofen;
gw-garmisch;Gw Garmisch;82467;Garmisch-Partenkirchen;
gw-georgensgmuend;Gw Georgensgmünd;91166;Georgensgmünd;
gw-grefrath;Gw Grefrath;47929;Grefrath;
gw-grosskrotzenburg;Gw Großkrotzenburg;63538;Großkrotzenburg;
gw-gundelfingen;Gw Gundelfingen;79194;Gundelfingen;
gw-halstenbek;Gw Halstenbek;25469;Halstenbek;
gw-hardt;Gw Hardt;78739;Hardt;
gw-hassloch;Gw Haßloch;67454;Haßloch;
gw-heikendorf;Gw Heikendorf;24226;Heikendorf;
gw-hengersberg;Gw Hengersberg;94491;Hengersberg;
gw-hermaringen;Gw Hermaringen;89568;Hermaringen;
gw-herxheim;Gw Herxheim;76863;Herxheim;
gw-heusweiler;Gw Heusweiler;66265;Heusweiler;
gw-hoerdt;Gw Hördt;76761;Rülzheim;
gw-hohentengen;Gw Hohentengen;79801;Hohentengen am Hochrhein;
gw-hohenwestedt;Gw Hohenwestedt;24594;Hohenwestedt;
gw-holzkirchen;Gw Holzkirchen;83607;Holzkirchen;
gw-huetschenhausen;Gw Hütschenhausen;66877;Ramstein-Miesenbach;
gw-jestetten;Gw Jestetten;79798;Jestetten;
gw-kahl;Gw Kahl;63796;Kahl / Main;
gw-kaufungen;Gw Kaufungen;34260;Kaufungen;
gw-kiefersfelden;Gw Kiefersfelden;83088;Kiefersfelden;
gw-kirkel;Gw Kirkel;66459;Kirkel;
gw-kleinblittersdorf;Gemeindewerke Kleinblittersdorf;66271;Kleinblittersdorf;
gw-klettgau;Gw Klettgau;79771;Klettgau;
gw-krauchenwies;Gw Krauchenwies;72505;Krauchenwies;
gw-krickenbach;Gw Krickenbach;67706;Krickenbach;
gw-lam;Gw Lam;93462;Lam;
gw-lambsheim;Gw Lambsheim;67245;Lambsheim;
gw-leck;Gw Leck;25917;Leck;
gw-malente;Gw Malente;23714;Bad Malente;
gw-markt-lichtenau;Gw Markt Lichtenau;91586;Lichtenau;
gw-muenchweiler;Gw Münchweiler;66981;Münchweiler an der Rodalb;
gw-murnau;Gw Murnau;82418;Murnau a. Staffelsee;
gw-neuendettelsau;Gw Neuendettelsau;91564;Neuendettelsau;
gw-niefern-oesch-;Gw Niefern;75223;Niefern-Öschelbronn;
gw-nuedlingen;Gw Nüdlingen;97720;Nüdlingen;
gw-nuembrecht;Gw Nümbrecht;51588;Nümbrecht;
gw-oberaudorf;Gw Oberaudorf;83080;Oberaudorf;
gw-oberhaching;Gw Oberhaching;82041;Oberhaching;
gw-obrigheim;Gw Obrigheim;67269;Gr;
gw-partenstein;Gw Partenstein;97846;Partenstein;
gw-peiner-land;Strom von Gw Peiner Land;31224;Peine;
gw-peissenberg;Gw Peißenberg;82380;Peißenberg;
gw-pleinfeld;Gw Pleinfeld;91785;Pleinfeld;
gw-rheinzabern;GW Rheinzabern;76764;Rheinzabern;
gw-rueckersdorf;Gw Rückersdorf;90607;Rückersdorf;
gw-ruppichteroth;Gw Ruppichteroth;53809;Ruppichteroth;
gw-schoenkirchen;Gw Schönkirchen;24232;Schönkirchen;
gw-schutterwald;Gw Schutterwald;77746;Schutterwald;
gw-schwalbach;Gw Schwalbach;66773;Schwalbach;
gw-sinzheim;Gw Sinzheim;76547;Sinzheim;
gw-st-michel;GW St. Michel;25693;St. Michaelisdonn;
gw-stammbach;Gw Stammbach;95236;Stammbach;
gw-steinhagen;Gw Steinhagen;33803;Steinhagen;
gw-steisslingen;Gw Steisslingen;78256;Steißlingen;
gw-stelzenberg;Gw Stelzenberg;67705;Stelzenberg;
gw-stockelsdorf;Gw Stockelsdorf;23617;Stockelsdorf;
gw-stockstadt;Gw Stockstadt;63811;Stockstadt/Main;
gw-suedpfalz;GW Südpfalz;76761;Rülzheim;
gw-taufkirchen;Gw Taufkirchen;84416;Taufkirchen;
gw-thuengen;Gw Thüngen;97753;Karlstadt;
gw-umkirch;GW Umkirch;79224;Umkirch;
gw-waging;Gw Waging;83329;Waging am See;
gw-waldfischbach;Strom von Nahwerk Energie;67714;Waldfischbach-Burgalben;
gw-wedemark;GW Wedemark;30900;Wedemark;
gw-weidenthal;Gw Weidenthal;67655;Kaiserslautern;
gw-wendelstein;Gw Wendelstein;90530;Wendelstein;
gw-wickede;Gw Wickede;58739;Wickede;
gw-wildeck-obersuhl;Gw Wildeck Obersuhl;36208;Wildeck Obersuhl;
gw-wilhermsdorf;Gw Wilhermsdorf;91452;Wilhermsdorf;
gwb;GWB;21039;Börnsen;
gwenkenbachalsenborn;Gemeindewerke Enkenbach;67677;Enkenbach-Alsenborn;
gwg;Strom von GWG;41515;Grevenbroich;
gwh;GWH;37671;Höxter;
gws-schwarzenbruck;GW Schwarzenbruck;90537;Feucht;
h-n-buergerwind;Strom von H & N Bürgerwind;24980;Hörup;
halberstadtwerke;Strom von Halberstadtwerke;38820;Halberstadt;
hamburg-energie;Strom von Hamburger EW;20539;Hamburg;
hansastrom;Strom von Hansastrom;18055;Rostock;
hanwha-q-cells;Strom von Hanwha Q CELLS;;;
harz-energie;Strom von Harz Energie;37520;Osterode;
havelstrom;Strom von Havelstrom;16792;Zehdenick;
hbl-nord-energie;Strom von HBL Nord;31137;Hildesheim;
heider-energie;Heider Energie;93086;Wörth/Donau;
heinrich-kloecker;Strom von Heinrich Klöcker;46325;Borken;
hellweg-energie;Strom von Hellweg Energie;59557;Lippstadt;
hertener-stadtwerke;Strom von Hertener Stadtwerke;45699;Herten;
herzo-werke;Strom von Herzo Werke;91074;Herzogenaurach;
hev;Strom von hev;74532;Ilshofen-Obersteinach;
hew-marke-vf;Strom von HEW Marke VF;20457;Hamburg;
hew;Strom von Stadtwerke Hof;95028;Hof;
hewa;Strom von HEWA;91217;Hersbruck;
hochsauerland;Strom von Hochsauerland;59872;Meschede;
hochstiftstrom;Strom von Hochstiftstrom;32657;Lemgo;
hoyer;Strom von Hoyer;27374;Visselhövede;
iberdrola;Strom von Iberdrola;10117;Berlin;
idealenergie;Strom von idealenergie;50670;Köln;
ideo-energie;Strom von Ideo Energie;40219;Düsseldorf;
illwerke-vkw-ag;Strom von illwerke vkw;88161;Lindenberg;
ilzhoefers-nachfolger;Strom von Ilzhöfer;86161;Augsburg;
immergruen-energie;Strom von immergrün! Energie;51371;Leverkusen Kundenservice;
in-n-energie;Strom von In(n) Energie;84359;Simbach am Inn;
infra-fuerth;Strom von infra Fürth;90763;Fürth;
innergie-strom;Strom von INNergie Strom;83022;Rosenheim;
innergie;Strom von INNergie;83022;Rosenheim;
innerste-energie;Strom von INNERSTE ENERGIE;38226;Salzgitter;
innostrom;Strom von Innostrom;97318;Kitzingen;
jes;Strom von JES;18055;Rostock;
jouneo;Jouneo Stromanbieter – Tarife, Erfahrungen & Bewertung;26122;Oldenburg;
jura-strom;Strom von Jura Strom;92318;Neumarkt;
juwi-green-energy;Strom von juwi Green Energy;55286;Wörrstadt;
kbg;Strom von KBG;34576;Homberg/Efzen;
keep;Strom von KEEP;67304;Eisenberg;
keslar;Strom von KESLAR;87437;Kempten;
kev-energie;Strom von KEV Energie;53925;Kall;
kevag;Strom von KEVAG;56068;Koblenz;
kew-karwendel;Strom von KEW Karwendel;82481;Mittenwald;
kew;Strom von KEW;66538;Neunkirchen;
kiezstrom;Strom von KiezStrom;20359;Hamburg;
klara;Strom von klara;52351;Düren;
klickenergie;KlickEnergie;41464;Neuss;
knauber-strom;Knauber Strom;;;
knittel;Strom von KNITTEL;36043;Fulda;
koethen-energie;Strom von Köthen Energie;06366;Köthen;
kommenergie;Strom von KommEnergie;82223;Eichenau;
kraichgauenergie;Strom von SW Bretten;75015;Bretten;
kristal-enerji;Strom von Kristal Enerji;75179;Pforzheim;
kurt-guenther-mineral;Strom von Kurt Günther Mineral;36199;Rotenburg an der Fulda;
kw-haag;Strom von KW Haag;83527;Haag i. OB;
kw-koehlgartenwiese;Strom von KW Köhlgartenwiese;79692;Kleines Wiesental;
kw-main-kinzig;Strom von KW Main;63571;Gelnhausen;
kw-poettinger;Strom von KW Poettinger;82490;Farchant;
le-energy-solutions;Strom von LE Energy Solutions;04451;Borsdorf;
leipziger-stadtwerke;Stadtwerke Leipzig;04109;Leipzig;
lekker-energie;lekker;10115;Berlin;lekker.de
leu-energie;Leu Energie;;;
lew;Strom von LEW;86150;Augsburg;
lichtblick-alt;Strom von LichtBlick SE;20359;Hamburg;
lichtblick;LichtBlick;20097;Hamburg;
lidl-strom;Strom von Lidl;80634;München;
lifestrom;Strom von lifestrom;84001;Landshut;
likra;Strom von LIKRA;96515;Sonneberg;
lition-energie;Strom von Lition Energie;10719;Berlin;
lkw-kitzingen;Strom von LKW Kitzingen;97318;Kitzingen;
llk;Strom von LLK;57462;Olpe;
logoenergie;LogoEnergie;53881;Euskirchen;
lokalwerke;Strom von LokalWerke;48683;Ahaus;
lsw-energie;Strom von LSW Energie;38440;Wolfsburg;
ludvikk;Strom von LUDVIKK;67063;Ludwigshafen;
luenestrom;Strom von Lünestrom;21335;Lüneburg;
luk-helmbrechts;Strom von LuK Helmbrechts;95233;Helmbrechts;
lwe-landwerke-eifel;Strom von LWE Landwerke Eifel;54595;Prüm;
m4energy;Strom von M4Energy;01309;Dresden;
maingau-energie;Maingau Energie;63179;Obertshausen;
mainova;Mainova;60486;Frankfurt am Main;
mainzer-stadtwerke;Strom von Mainzer Stadtwerke;55118;Mainz;
manfred-welsch;Strom von Manfred Welsch;78333;Stockach;
mangfalltal-energie;Strom von Mangfalltal Energie;83043;Bad Aibling;
mann-naturenergie;Strom von MANN Naturenergie;57520;Langenbach;
mark-e;Strom von Mark;58093;Hagen;
markt-obernbreit;Strom von Markt Obernbreit;97342;Obernbreit;
maxenergy;Strom von MAXENERGY;86157;Augsburg;
medl;Strom von medl;45476;Mülheim an der Ruhr;
mega;Strom von MEGA;40789;Monheim am Rhein;
meine-stadtenergie;Strom von meine StadtEnergie;69469;Weinheim;
meinheizstrom-de;Strom von meinheizstrom.de;70372;Stuttgart;
meistro;Strom von meistro;85055;Ingolstadt;
mindener-sw;Strom von Mindener Sw;32423;Minden;
mobene;Strom von Mobene;45127;Essen;
montana;Montana Strom;;;
mvv-energie;MVV Energie;68159;Mannheim;
mwenergy;Strom von MWEnergy;40670;Meerbusch;
mwg;Strom von Maintal;63477;Maintal-Dörnigheim;
n-ergie;Strom von N;;;
n-ports-emden;Strom von N;26725;Emden;
natuerlich-gruen;Strom von natürlich grün;22143;Hamburg;
natuerlichenergie;Strom von NatürlichEnergie;54472;Monzelfeld;
naturenergie;Strom von naturengerie hoch;;;
naturstrom-rlp;Strom von Naturstrom RLP;56068;Koblenz;
naturstrom-vor-ort;Strom von naturstrom vor Ort;20459;Hamburg;
naturstrom-xl;Strom von NaturStrom XL;40237;Düsseldorf;
naturstromhandel;Naturstrom;;;
naturwatt;Strom von NaturWatt;26122;Oldenburg;
naturwerke-gmbh;Strom von Naturwerke GmbH;40212;Düsseldorf;
neander-energie;Strom von Neander Energie;42489;Wülfrath;
neckermann-strom;Strom von Neckermann Strom;22848;Norderstedt;
neubrandenburger-sw;Strom von Neubrandenburger Sw;17033;Neubrandenburg;
new-energie-wasser;NEW Energie;41236;Mönchengladbach;
new-schwalm-nette;Strom von NEW Schwalm;41747;Viersen;
new-toenisvorst;Strom von NEW Tönisvorst;;;
new-viersen;Strom von NEW Viersen;41747;Viersen;
new;Strom von NEW;;;
nexus-energie;Strom von Nexus Energie;40547;Düsseldorf;
ngw;Strom von NGW;47166;Duisburg;
nienburg-energie;Strom von Nienburg Energie;31582;Nienburg;
niersenergie;Strom von NiersEnergie;47623;Kevelaer;
niestetal-energie;Strom von Niestetal Energie;34266;Niestetal;
nord-stadtwerke;Strom von Nord Stadtwerke;24913;Flensburg;
nordostwerke;Strom von NordostWerke;14482;Potsdam;
nordseepower;Strom von NordseePower;26639;Wiesmoor;
normenergie;Strom von normenergie;50679;Köln;
nowenergy;Strom von nowenergy;12107;Berlin;
nvb;Strom von nvb;48529;Nordhorn;
obermaier-und-gerg;Strom von Obermaier und Gerg;85625;Baiern-Puisheim;
octopus-energy;Octopus Energy Germany GmbH;;;
ohra-energie;Strom von Ohra Energie;99880;Fröttstädt;
oie;Strom von OIE;55743;Idar-Oberstein;
optimization;Strom von optimization;45527;Hattingen;
original-energie;Strom von ORIGINAL ENERGIE;16515;Oranienburg;
ortenauenergie;Strom von OrtenauEnergie;77933;Lahr;
ost-energie;Strom von OSt;09120;Chemnitz;
osterholzer-sw;Strom von Osterholzer Sw;27711;Osterholz-Scharmbeck;
osterland-energie;Strom von Osterland Energie;04600;Altenburg;
ostrom;Ostrom;;;
otto-fricke-co-;Strom von Otto Fricke & Co.;;;
ourpower;Strom von ourPOWER;90763;Fürth;
ovag;Strom von OVAG;61169;Friedberg;
paderenergy;Strom von PaderEnergy;38440;Wolfsburg;
paketsparer;Paketsparer;;;
passatenergie;Strom von PassatEnergie;23560;Lübeck;
pfalzwerke;Strom von Pfalzwerke;67059;Ludwigshafen;
phoenixstrom;Strom von phoenixstrom;58097;Hagen;
plan-b;Strom von PLAN;;;
plusarraystrom;PLUS STROM;40789;Monheim am Rhein;
polarstern;Polarstern;80337;München;polarstern-energie.de
primastrom;Primastrom;12107;Berlin;
priostrom;Strom von priostrom;40789;Monheim am Rhein zum Anbieter;
pro-e;Strom von PRO;32361;Preußisch Oldendorf;
pro-vitaenergie;Strom von PRO vitaenergie;66538;Neunkirchen;
proefa;Strom von proefa;40591;Düsseldorf;
proengeno;Strom von ProEngeno;26844;Jemgum-Nendorp;
prokon;Strom von PROKON;25524;Itzehoe;
propan-rheingas;Strom von Propan Rheingas;50321;Brühl;
purpur-energy;Strom von purpur;30827;Garbsen;
pvu;Strom von PVU;19348;Perleberg;
q1-energie;Strom von Q1 Energie;49090;Osnabrück;
queichtal-energie;Strom von Queichtal Energie;76877;Offenbach an der Queich;
r-h-einpower;R(H)EINPOWER;;;
rabot-charge;Rabot Energy;;;
raiffeisen-waren;Strom von Raiffeisen Waren;34117;Kassel;
regionah-energie;Strom von Regionah Energie;89597;Munderkingen;
regionale-energiew;Strom von Regionale EnergieW;40474;Düsseldorf;
regionalw-bodensee;Strom von Regionalw. Bodensee;88069;Tettnang;
regionalwerk-wuermtal;Strom von Regionalwerk Würmtal;82131;Gauting;
relax-strom;Strom von RELAX;45527;Hattingen;
remstalwerk;Strom von Remstalwerk;73630;Remshalden;
respect-energy;Strom von Respect Energy;20457;Hamburg;
revierkraft;Strom von RevierKraft;46045;Oberhausen;
rewag;Strom von REWAG;93055;Regensburg;
rheinenergie-express;Strom von RheinEnergie Express;50823;Köln;
rheinenergie;RheinEnergie;50823;Köln;
rheinhessen-energie;Strom von Rheinhessen;55576;Sprendlingen;
rheinhessische-ewv;Strom von Rheinhessische EWV;55218;Ingelheim;
rhenag;Strom von rhenag;50968;Köln;
rhoenenergie;Strom von RhönEnergie;36037;Fulda;
roedl-gmbh;Strom von Rödl GmbH;92318;Neumarkt;
rommel-gmbh;Strom von Rommel GmbH;88471;Laupheim;
rothmoser;Strom von ROTHMOSER;85567;Grafing bei München;
rothstrom;Strom von ROTHSTROM;;;
ruck-zuck-energie;Strom von RUCK ZUCK Energie;01796;Pirna;
rupert-buchauer;Strom von Rupert Buchauer;83112;Frasdorf;
rw-buttenwiesen;Strom von RW Buttenwiesen;86647;Buttenwiesen;
sachsenenergie-vers;Strom von SachsenEnergie Vers.;01069;Dresden;
saergas;Strom von Saergas;48369;Saerbeck;
sb-luckenwalde;Strom von SB Luckenwalde;14943;Luckenwalde;
scharr-waerme;Strom von SCHARR WÄRME;70565;Stuttgart;
schleswiger-sw;Strom von Schleswiger SW;24837;Schleswig;
schoepper-knoll;Strom von Schöpper & Knoll;91541;Rothenburg o.d.T.;
schotten-energie;Strom von Schotten Energie;01067;Dresden;
schroedergas;Strom von SchröderGas;27321;Thedinghausen;
schtrom;Strom von Schtrom;79677;Schönau;
schwarzwald-energy;Strom von schwarzwald energy;75365;Calw;
se-sauber-energie;Sauber Energie;;;
senec;Strom von SENEC;04129;Leipzig;
sew;Strom von SEW;85435;Erding;
sg-rosenheim;Strom von SG Rosenheim;83024;Rosenheim;
shell-privatenergie;Strom von Shell Energy Retail;;;
shine;Strom von Shine;81669;München;
silphienergie;Strom von Silphienergie;88356;Ostrach;
simplygreen;Strom von SimplyGreen;64293;Darmstadt;
sk-baiersdorf;Strom von Sw Baiersdorf;91083;Baiersdorf;
soemmerdaer-ev;Strom von Sömmerdaer EV;99610;Sömmerda;
sorglosstrom;Strom von SorglosStrom;81379;München;
spaetzle-strom;Strom von Spätzle Strom;89584;Ehingen;
sparstrom;Strom von sparstrom;79108;Freiburg;
spreegas;Strom von SpreeGas;03044;Cottbus;
stadtenergie;Strom von StadtEnergie;44147;Dortmund;
stadtwerk-am-see;Strom von Stadtwerk am See;88046;Friedrichshafen;
stadtwerk-hassfurt;Strom von Sw Haßfurt;97437;Haßfurt;
stadtwerk-kuelsheim;Strom von Sw Külsheim;97900;Külsheim;
stadtwerk-rheda-wiedenbrueck;Strom von Sw Rheda;33378;Rheda-Wiedenbrück;
stadtwerk-tauberfranken;Strom von Sw Tauberfranken;97980;Bad Mergentheim;
stadtwerk-verl;Strom von Sw Verl;33415;Verl;
stadtwerke-aachen;STAWAG Stadtwerke Aachen Aktiengesellschaft;52070;Aachen;
stadtwerke-aalen;Strom von Sw Aalen;73433;Aalen;
stadtwerke-achim;Strom von Sw Achim;28832;Achim;
stadtwerke-ahaus;Strom von Sw Ahaus;48683;Ahaus;
stadtwerke-ahlen;Strom von Sw Ahlen;59229;Ahlen;
stadtwerke-ahrensburg;Strom von StadtwerkeAhrensburg;22926;Ahrensburg;
stadtwerke-altdorf;Strom von Sw Altdorf;90518;Altdorf;
stadtwerke-altensteig;Strom von Sw Altensteig;72213;Altensteig;
stadtwerke-amberg;Strom von Sw Amberg;92224;Amberg;
stadtwerke-andernach;Strom von Stadtwerke Andernach;56626;Andernach;
stadtwerke-annaberg-buchholz;Strom von Sw Annaberg;09456;Annaberg-Buchholz;
stadtwerke-annweiler;Strom von Sw Annweiler;76855;Annweiler;
stadtwerke-ansbach;Strom von Sw Ansbach;91522;Ansbach;
stadtwerke-arnsberg;Strom von Sw Arnsberg;59823;Arnsberg;
stadtwerke-arnstadt;Strom von Sw Arnstadt;99310;Arnstadt;
stadtwerke-aschersleben;Strom von Sw Aschersleben;06449;Aschersleben;
stadtwerke-attendorn;Strom von Stadtwerke Attendorn;57439;Attendorn;
stadtwerke-aue-bad-schlema;Strom von Sw Aue;08280;Aue;
stadtwerke-augsburg;Strom von swa;86152;Augsburg;
stadtwerke-aurich;Strom von Sw Aurich;26603;Aurich;
stadtwerke-backnang;Strom von Stadtwerke Backnang;71522;Backnang;
stadtwerke-bad-aibling;Strom von Sw Bad Aibling;83043;Bad Aibling;
stadtwerke-bad-belzig;Strom von Sw Bad Belzig;14806;Belzig;
stadtwerke-bad-bergzabern;Strom von Sw Bad Bergzabern;76887;Bad Bergzabern;
stadtwerke-bad-bramstedt;Strom von Sw Bad Bramstedt;24576;Bad Bramstedt;
stadtwerke-bad-brueckenau;Strom von Sw Bad Brückenau;97769;Bad Brückenau;
stadtwerke-bad-driburg;Strom von Stadtwerke Bad Driburg;33014;Bad Driburg;
stadtwerke-bad-duerkheim;Strom von Sw Bad Dürkheim;67098;Bad Dürkheim;
stadtwerke-bad-friedrichhall;Strom von Sw Bad Friedrichhall;74177;Bad Friedrichshall;
stadtwerke-bad-harzburg;Strom von Sw Bad Harzburg;38667;Bad Harzburg;
stadtwerke-bad-herrenalb;Strom von Sw Bad Herrenalb;76332;Bad Herrenalb;
stadtwerke-bad-hersfeld;Strom von Sw Bad Hersfeld;36251;Bad Hersfeld;
stadtwerke-bad-kissingen;Strom von Sw Bad Kissingen;97688;Bad Kissingen;
stadtwerke-bad-kreuznach;Strom von Sw Bad Kreuznach;55543;Bad Kreuznach;
stadtwerke-bad-langensalza;Strom von Sw Bad Langensalza;99947;Bad Langensalza;
stadtwerke-bad-nauheim;Strom von Sw Bad Nauheim;61231;Bad Nauheim;
stadtwerke-bad-neustadt;Strom von Sw Bad Neustadt;97616;Bad Neustadt;
stadtwerke-bad-pyrmont;Strom von Sw Bad Pyrmont;31812;Bad Pyrmont;
stadtwerke-bad-reichenhall;Strom von Sw Bad Reichenhall;83435;Bad Reichenhall;
stadtwerke-bad-rodach;Strom von Sw Bad Rodach;96476;Bad Rodach;
stadtwerke-bad-sachsa;Strom von Sw Bad Sachsa;37441;Bad Sachsa;
stadtwerke-bad-saeckingen;Strom von Sw Bad Säckingen;79713;Bad Säckingen;
stadtwerke-bad-salzdetfurth;Strom von Stadtwerke Bad Salzdetfurth;31162;Bad Salzdetfurth;
stadtwerke-bad-salzuflen;Strom von Sw Bad Salzuflen;32108;Bad Salzuflen;
stadtwerke-bad-saulgau;Strom von Sw Bad Saulgau;88348;Bad Saulgau;
stadtwerke-bad-sooden-allen-;Strom von Sw Bad Sooden;37242;Bad Sooden-Allendorf;
stadtwerke-bad-toelz;Strom von Sw Bad Tölz;83646;Bad Tölz;
stadtwerke-bad-vilbel;Strom von Sw Bad Vilbel;61118;Bad Vilbel-Dortelweil;
stadtwerke-bad-wildbad;Strom von Sw Bad Wildbad;75323;Bad Wildbad;
stadtwerke-bad-windsheim;Strom von Sw Bad Windsheim;91438;Bad Windsheim;
stadtwerke-bad-woerishofen;Strom von Sw Bad Wörishofen;86825;Bad Wörishofen;
stadtwerke-baden-baden;Strom von Sw Baden;76530;Baden-Baden;
stadtwerke-balingen;Strom von Sw Balingen;72336;Balingen;
stadtwerke-balustein;Strom von SW Blaustein;89134;Blaustein;
stadtwerke-balve;Strom von Sw Balve;58802;Balve;
stadtwerke-bamberg;Strom von Sw Bamberg;96052;Bamberg;
stadtwerke-barmstedt;Strom von Sw Barmstedt;25355;Barmstedt;
stadtwerke-barsinghausen;Strom von Sw Barsinghausen;30890;Barsinghausen;
stadtwerke-barth;Strom von Sw Barth;18356;Barth;
stadtwerke-bayreuth;Strom von SW Bayreuth;95447;Bayreuth;
stadtwerke-bb;Strom von SW BB;74321;Bietigheim-Bissingen;
stadtwerke-bebra;Strom von Sw Bebra;36179;Bebra;
stadtwerke-bergheim;Strom von Sw Bergheim;50127;Bergheim;
stadtwerke-bernau;Strom von Sw Bernau;16321;Bernau bei Berlin;
stadtwerke-bernburg;Strom von Sw Bernburg;06406;Bernburg;
stadtwerke-beverungen;Strom von Stadtwerke Beverungen;37688;Beverungen;
stadtwerke-bexbach;Strom von Sw Bexbach;66450;Bexbach;
stadtwerke-biedenkopf;Stromanbieter SWB Stadtwerke Biedenkopf GmbH;35216;Biedenkopf;
stadtwerke-bielefeld;Strom von Sw Bielefeld;33611;Bielefeld;
stadtwerke-bitterfeld-wolfen;Strom von Sw Bitterfeld;06766;Bitterfeld-Wolfen;
stadtwerke-blankenburg;Strom von Sw Blankenburg;38889;Blankenburg;
stadtwerke-bliestal;Strom von Sw Bliestal;66440;Blieskastel;
stadtwerke-bochum;Stadtwerke Bochum;44787;Bochum;epexspot.com
stadtwerke-boeblingen;Strom von Sw Böblingen;71032;Böblingen;
stadtwerke-boehmetal;Strom von Sw Böhmetal;29664;Walsrode;
stadtwerke-bogen;Strom von Sw Bogen;94327;Bogen;
stadtwerke-borgentreich;Strom von Stadtwerke Borgentreich;34434;Borgentreich;
stadtwerke-borken;Strom von Sw Borken;46325;Borken;
stadtwerke-braeunlingen;Strom von Stadtwerke Bräunlingen;78199;Br;
stadtwerke-bramsche;Strom von Sw Bramsche;49565;Bramsche;
stadtwerke-brandenburg;Strom von Sw Brandenburg;14776;Brandenburg an der Havel;
stadtwerke-bredstedt;Strom von Stadtwerke Bredstedt;25821;Bredstedt;
stadtwerke-brilon;Strom von Sw Brilon;59929;Brilon;
stadtwerke-bruehl;Strom von Sw Brühl;50321;Brühl;
stadtwerke-brunsbuettel;Strom von Sw Brunsbüttel;25541;Brunsbüttel;
stadtwerke-buchen;Strom von Sw Buchen;74722;Buchen/Odenwald;
stadtwerke-buchholz-nord-;Strom von Sw Buchholz Nord.;21244;Buchholz i.d.N.;
stadtwerke-buehl;Strom von Sw Bühl;77815;Bühl;
stadtwerke-burg;Strom von Sw Burg;39288;Burg;
stadtwerke-burgbernheim;Strom von Sw Burgbernheim;91593;Burgbernheim;
stadtwerke-burgdorf;Strom von Sw Burgdorf;31303;Burgdorf;
stadtwerke-buxtehude;Strom von Sw Buxtehude;21614;Buxtehude;
stadtwerke-castrop-rauxel;Strom von Sw Castrop;44575;Castrop-Rauxel;
stadtwerke-celle;Strom von Sw Celle;29221;Celle;
stadtwerke-cham;Strom von Sw Cham;93413;Cham;
stadtwerke-clausthal;Strom von Sw Clausthal;38678;Clausthal-Zellerfeld;
stadtwerke-coesfeld;Strom von Sw Coesfeld;48653;Coesfeld;
stadtwerke-cottbus;Strom von Sw Cottbus;03046;Cottbus;
stadtwerke-crailsheim;Strom von Sw Crailsheim;74564;Crailsheim;
stadtwerke-dachau;Strom von Sw Dachau;85221;Dachau;
stadtwerke-deggendorf;Strom von Sw Deggendorf;94469;Deggendorf;
stadtwerke-deidesheim;Strom von Sw Deidesheim;67146;Deidesheim;
stadtwerke-delmenhorst;Strom von Sw Delmenhorst;27749;Delmenhorst;
stadtwerke-detmold;Strom von Sw Detmold;32758;Detmold;
stadtwerke-dettelbach;Strom von Sw Dettelbach;97337;Dettelbach;
stadtwerke-diez;Stromanbieter in Deutschland bei StromAuskunft vergleichen;;;
stadtwerke-dillingen-laun-;Sw Dillingen/Laun.;89407;Dillingen a. d. Donau;
stadtwerke-dillingen-saar;Strom von Sw Dillingen/Saar;66763;Dillingen/Saar;
stadtwerke-dingolfing;Strom von Sw Dingolfing;84130;Dingolfing;
stadtwerke-dinkelsbuehl;Strom von Sw Dinkelsbühl;91550;Dinkelsbühl;
stadtwerke-dinslaken;Strom von Sw Dinslaken;46537;Dinslaken;
stadtwerke-ditzingen;Strom von Sw Ditzingen;71254;Ditzingen;
stadtwerke-doebeln;Strom von Sw Döbeln;04720;Döbeln;
stadtwerke-dorfen;Strom von Sw Dorfen;84405;Dorfen;
stadtwerke-dreieich;Strom von Sw Dreieich;63303;Dreieich;
stadtwerke-duelmen;Strom von Sw Dülmen;48249;Dülmen;
stadtwerke-dueren;Strom von Sw Düren;52351;Düren;
stadtwerke-duesseldorf-ag;Strom von Sw Düsseldorf AG;40233;Düsseldorf;
stadtwerke-duisburg;Stadtwerke Duisburg;47053;Duisburg;
stadtwerke-eberbach;Strom von Sw Eberbach;69412;Eberbach;
stadtwerke-ebermannstadt;Strom von Sw Ebermannstadt;91320;Ebermannstadt;
stadtwerke-eckernfoerde;Strom von SW Eckernförde;24340;Eckernförde;
stadtwerke-eichstaett;Strom von Sw Eichstätt;85072;Eichstätt;
stadtwerke-eilenburg;Strom von Sw Eilenburg;04838;Eilenburg;
stadtwerke-einbeck;Strom von Sw Einbeck;37574;Einbeck;
stadtwerke-eisenberg;Strom von SW Eisenberg;07607;Eisenberg;
stadtwerke-eisenhuettenstadt;Strom von Sw Eisenhüttenstadt;15890;Eisenhüttenstadt;
stadtwerke-elbtal;Strom von SW Elbtal;01445;Radebeul;
stadtwerke-elm-lappwald;Strom von Sw Elm;38154;Königslutter am Elm;
stadtwerke-elmshorn;Strom von Stadtwerke Elmshorn;25336;Elmshorn;
stadtwerke-elzach;Strom von Sw Elzach;79215;Elzach;
stadtwerke-emden;Strom von Stadtwerke Emden;26725;Emden;
stadtwerke-emmendingen;Strom von SW Emmendingen;79312;Emmendingen;
stadtwerke-emmerich;Strom von Sw Emmerich;46446;Emmerich;
stadtwerke-emsdetten;Strom von Sw Emsdetten;48282;Emsdetten;
stadtwerke-energie-verbund;Strom von Stadtwerke Energie Verbund;;;
stadtwerke-engen;Strom von Sw Engen;78234;Engen;
stadtwerke-eppingen;Strom von Sw Eppingen;75031;Eppingen;
stadtwerke-erft;Strom von Stadtwerke Erft;50127;Bergheim;
stadtwerke-erkrath;Strom von Sw Erkrath;40699;Erkrath;
stadtwerke-eschwege;Strom von Sw Eschwege;37269;Eschwege;
stadtwerke-espelkamp;Strom von Stadtwerke Espelkamp;32339;Espelkamp;
stadtwerke-essen;Strom von Stadtwerke Essen;45128;Essen;
stadtwerke-eto;Strom von Stadtwerke ETO;48291;Telgte;
stadtwerke-ettlingen;Strom von Sw Ettlingen;76275;Ettlingen;
stadtwerke-eutin;Strom von Sw Eutin;23701;Eutin;
stadtwerke-evb-huntetal;Strom von Sw EVB Huntetal;49356;Diepholz;
stadtwerke-fellbach;Strom von Stadtwerke Fellbach;70736;Fellbach;
stadtwerke-feuchtwangen;Strom von Sw Feuchtwangen;91555;Feuchtwangen;
stadtwerke-finsterwalde;Strom von Sw Finsterwalde;03238;Finsterwalde;
stadtwerke-flensburg;Strom von Stadtwerke Flensburg;;;
stadtwerke-forchheim;Strom von Sw Forchheim;91301;Forchheim;
stadtwerke-forst;Strom von Sw Forst;03149;Forst;
stadtwerke-frankenthal;Strom von Sw Frankenthal;67227;Frankenthal;
stadtwerke-frankfurt-oder;Strom von Sw Frankfurt Oder;15230;Frankfurt;
stadtwerke-freudenberg;Strom von Sw Freudenberg;97896;Freudenberg;
stadtwerke-freudenstadt;Strom von Sw Freudenstadt;72250;Freudenstadt;
stadtwerke-friedrichsthal;Strom von Sw Friedrichsthal;66299;Friedrichsthal;
stadtwerke-froendenberg;Strom von Sw Fröndenberg;58730;Fröndenberg;
stadtwerke-fuerstenfeldbruck;Strom von SW Fürstenfeldbruck;82256;Fürstenfeldbruck;
stadtwerke-furth-im-wald;Strom von Sw Furth im Wald;93437;Furth im Wald;
stadtwerke-gaggenau;Strom von Sw Gaggenau;76571;Gaggenau;
stadtwerke-garbsen;Strom von Sw Garbsen;30827;Garbsen;
stadtwerke-geesthacht;Strom von Sw Geesthacht;21502;Geesthacht;
stadtwerke-geldern;Strom von Sw Geldern;47608;Geldern;
stadtwerke-gelnhausen;Strom von Sw Gelnhausen;63571;Gelnhausen;
stadtwerke-gengenbach;Strom von Sw Gengenbach;77723;Gengenbach;
stadtwerke-georgsmarienhuette;Strom von Sw Georgsmarienhütte;49124;Georgsmarienhütte;
stadtwerke-germersheim;Strom von Sw Germersheim;76726;Germersheim;
stadtwerke-gescher;Strom von Sw Gescher;48712;Gescher;
stadtwerke-giessen;Strom von Sw Gießen;35398;Gießen;
stadtwerke-gifhorn;Strom von Sw Gifhorn;38518;Gifhorn;
stadtwerke-glauchau;Strom von Sw Glauchau;08371;Glauchau;
stadtwerke-glueckstadt;Strom von Sw Glückstadt;25348;Glückstadt;
stadtwerke-goch;Strom von Sw Goch;47574;Goch;
stadtwerke-goerlitz;Strom von Sw Görlitz;02826;Görlitz;
stadtwerke-goettingen;Strom von Stadtwerke Göttingen;37081;Göttingen;
stadtwerke-gotha;Gothaer SW ENERGIE;99867;Gotha;
stadtwerke-greifswald;Strom von SW Greifswald;17489;Greifswald;
stadtwerke-greven;Strom von Sw Greven;48268;Greven;
stadtwerke-grevesmuehlen;Strom von Sw Grevesmühlen;23936;Grevesmühlen;
stadtwerke-grimma;Strom von Sw Grimma;04668;Grimma;
stadtwerke-gronau;Strom von Sw Gronau;48599;Gronau;
stadtwerke-gross-gerau;Strom von Sw Groß;64521;Groß-Gerau;
stadtwerke-grossalmerode;Strom von Sw Großalmerode;37247;Großalmerode;
stadtwerke-gruenstadt;Strom von Sw Grünstadt;67269;Grünstadt;
stadtwerke-guestrow;Strom von Sw Güstrow;18273;Güstrow;
stadtwerke-guetersloh;Strom von Sw Gütersloh;33330;Gütersloh;
stadtwerke-gunzenhausen;Strom von Sw Gunzenhausen;91710;Gunzenhausen;
stadtwerke-haan;Strom von Sw Haan;42781;Haan;
stadtwerke-hagenow;Strom von Sw Hagenow;19230;Hagenow;
stadtwerke-haiger;Strom von Sw Haiger;35708;Haiger;
stadtwerke-haldensleben;Strom von Sw Haldensleben;39340;Haldensleben;
stadtwerke-haltern-am-see;Strom von Sw Haltern am See;45721;Haltern am See;
stadtwerke-hameln;Strom von Sw HamelnWeserbergl.;31785;Hameln;
stadtwerke-hamm;Stadtwerke Hamm;59065;Hamm;
stadtwerke-hammelburg;Strom von Sw Hammelburg;97762;Hammelburg;
stadtwerke-hanau;Strom von Sw Hanau;63450;Hanau;
stadtwerke-harsewinkel;Strom von Sw Harsewinkel;33428;Harsewinkel;
stadtwerke-haslach;Strom von Sw Haslach;77716;Haslach;
stadtwerke-hattingen;Strom von Sw Hattingen;45525;Hattingen;
stadtwerke-havelberg;Strom von Sw Havelberg;39539;Havelberg;
stadtwerke-hechingen;Strom von Sw Hechingen;72379;Hechingen;
stadtwerke-heide;Strom von Sw Heide;25746;Heide;
stadtwerke-heidelberg;Strom von Sw Heidelberg;69115;Heidelberg;
stadtwerke-heidenheim;Strom von Sw Heidenheim;89522;Heidenheim;
stadtwerke-heiligenhafen;Strom von Sw Heiligenhafen;23774;Heiligenhafen;
stadtwerke-heiligenstadt;Strom von Sw Heilbad Heiligenstadt;37308;Heilbad Heiligenstadt;
stadtwerke-heilsbronn;Strom von Sw Heilsbronn;91560;Heilsbronn;
stadtwerke-hemau;Strom von Sw Hemau;93155;Hemau;
stadtwerke-hemer;Strom von Sw Hemer;58675;Hemer;
stadtwerke-herborn;Strom von Sw Herborn;35745;Herborn;
stadtwerke-herford;Strom von Stadtwerke Herford;32049;Herford;
stadtwerke-herne;Strom von Sw Herne;44623;Herne;
stadtwerke-herrenberg;Strom von Sw Herrenberg;71083;Herrenberg;
stadtwerke-hettstedt;Strom von Sw Hettstedt;06333;Hettstedt;
stadtwerke-hilden;Strom von Sw Hilden;40724;Hilden;
stadtwerke-hockenheim;Strom von Sw Hockenheim;68766;Hockenheim;
stadtwerke-hollfeld;Strom von Sw Hollfeld;96142;Hollfeld;
stadtwerke-holte-stukenbrock;Strom von Sw Holte;33758;Schloß Holte-Stukenbrock;
stadtwerke-holzminden;Strom von Sw Holzminden;37603;Holzminden;
stadtwerke-homburg;Strom von Sw Homburg;66424;Homburg;
stadtwerke-horb;Strom von Sw Horb;72160;Horb am Neckar;
stadtwerke-huefingen;Strom von Stadtwerke Hüfingen;;;
stadtwerke-huenfeld;Strom von Sw Hünfeld;36088;Hünfeld;
stadtwerke-huerth;Strom von Sw Hürth;50354;Hürth;
stadtwerke-husum;Strom von Sw Husum;25813;Husum;
stadtwerke-ilmenau;Stromanbieter Stadtwerke Ilmenau GmbH;98693;Ilmenau;
stadtwerke-ingolstadt;Stromanbieter Stadtwerke Ingolstadt Energie GmbH;85057;Ingolstadt;
stadtwerke-iserlohn;Stromanbieter Stadtwerke Iserlohn GmbH;58638;Iserlohn;
stadtwerke-itzehoe;Stromanbieter Stadtwerke Itzehoe GmbH;25524;Itzehoe;
stadtwerke-jena-poessneck;Strom von Sw Jena;07745;Jena;
stadtwerke-juelich;Stromanbieter Stadtwerke Jülich GmbH;52428;Jülich;
stadtwerke-kaarst;Stromanbieter Stadtwerke Kaarst GmbH;41564;Kaarst;
stadtwerke-kalkar;Stromanbieter Stadtwerke Kalkar GmbH & Co. KG;47546;Kalkar;
stadtwerke-kaltenkirchen;Stromanbieter Stadtwerke Kaltenkirchen GmbH;24568;Kaltenkirchen;
stadtwerke-kamp-lintfort;Stromanbieter Stadtwerke Kamp;47475;Kamp-Lintfort;
stadtwerke-karlsruhe;Stromanbieter Stadtwerke Karlsruhe GmbH;76185;Karlsruhe;
stadtwerke-kelheim;Stromanbieter Stadtwerke Kelheim GmbH & Co. KG;93309;Kelheim;
stadtwerke-kempen;Stromanbieter Stadtwerke Kempen GmbH;47906;Kempen;
stadtwerke-kerpen;Stadtwerke Kerpen;50171;Kerpen;
stadtwerke-kiel;Stromanbieter Stadtwerke Kiel AG;24113;Kiel;
stadtwerke-kierspe;Stadtwerke Kierspe GmbH Erfahrungen 2024;58566;Kierspe;
stadtwerke-kirn;Stromanbieter Stadtwerke Kirn GmbH;55606;Kirn;
stadtwerke-kleve;Stromanbieter Stadtwerke Kleve GmbH;47533;Kleve;
stadtwerke-klingenberg;Stadtwerke Klingenberg Kommunalunternehmen (AöR);63911;Klingenberg a.Main;
stadtwerke-konstanz;Stromanbieter Stadtwerke Konstanz GmbH;78467;Konstanz;
stadtwerke-kulmbach;Stromanbieter Stadtwerke Kulmbach;95326;Kulmbach;
stadtwerke-kusel;Stromanbieter Stadtwerke Kusel GmbH;66869;Kusel;
stadtwerke-l-wittenberg;Stromanbieter Stadtwerke Lutherstadt Wittenberg GmbH;06886;Lutherstadt Wittenberg;
stadtwerke-laage;Stadtwerke Laage GmbH 2026;18299;Laage;
stadtwerke-lage;Stadtwerke Lage GmbH 2026;32791;Lage;
stadtwerke-lambrecht;Stromanbieter Stadtwerke Lambrecht (Pfalz) GmbH;67466;Lambrecht;
stadtwerke-landau-a-d-isar;Stromanbieter Stadtwerke Landau a.d. Isar;94405;Landau a.d. Isar;
stadtwerke-landsberg;Stromanbieter Stadtwerke Landsberg KU;86899;Landsberg;
stadtwerke-landshut;Stromanbieter Stadtwerke Landshut;84028;Landshut;
stadtwerke-langen;Stromanbieter Stadtwerke Langen GmbH;63225;Langen;
stadtwerke-langenfeld;Stromanbieter Stadtwerke Langenfeld GmbH;40764;Langenfeld;
stadtwerke-langenzenn;Stromanbieter Stadtwerke Langenzenn;90579;Langenzenn;
stadtwerke-laufenburg;Stromanbieter Stadtwerke Laufenburg;79725;Laufenburg;
stadtwerke-lauterbach;Stromanbieter Stadtwerke Lauterbach GmbH;36341;Lauterbach;
stadtwerke-lb;Stadtwerke Ludwigsburg;71636;Ludwigsburg;
stadtwerke-le;Stromanbieter Stadtwerke Leinfelden;70771;Leinfelden-Echterdingen;
stadtwerke-lebach;Stromanbieter Stadtwerke Lebach GmbH & Co. KG;66822;Lebach;
stadtwerke-lehrte;Stromanbieter Stadtwerke Lehrte GmbH;31275;Lehrte;
stadtwerke-leine-solling;Stromanbieter Stadtwerke Leine;37186;Moringen;
stadtwerke-leinefelde-worbis;Stromanbieter Stadtwerke Leinefelde;37327;Leinefelde-Wobis;
stadtwerke-lemgo;Stromanbieter Stadtwerke Lemgo GmbH;32657;Lemgo;
stadtwerke-lengerich;Stromanbieter SWL Vertriebsgesellschaft mbH;49525;Lengerich;
stadtwerke-leuterhausen;Stromanbieter Stadtwerke Leutershausen;91578;Leutershausen;
stadtwerke-lichtenfels;Stromanbieter Stadtwerke Lichtenfels;96215;Lichtenfels;
stadtwerke-lindau-bodensee-;Stromanbieter Stadtwerke Lindau (B) GmbH & Co. KG;88131;Lindau;
stadtwerke-lingen;Stromanbieter Stadtwerke Lingen GmbH;49808;Lingen;
stadtwerke-lippstadt;Stromanbieter Stadtwerke Lippstadt GmbH;59557;Lippstadt;
stadtwerke-loebau;Stromanbieter Stadtwerke Löbau GmbH;02708;Löbau;
stadtwerke-loeffingen;Stromanbieter Stadtwerke Löffingen;79843;Löffingen;
stadtwerke-loehne-energie;Strom von Sw Löhne Energie;32584;Löhne;
stadtwerke-lohmar;Stromanbieter Stadtwerke Lohmar GmbH & Co. KG;53797;Lohmar;
stadtwerke-loitz;Stromanbieter Stadtwerke Loitz GmbH;17121;Loitz;
stadtwerke-ludwigsfelde;Stromanbieter Stadtwerke Ludwigsfelde GmbH;14974;Ludwigsfelde;
stadtwerke-ludwigslust-grab-;Stromanbieter Stadtwerke Ludwigslust;19288;Ludwigslust;
stadtwerke-luebbecke;Stromanbieter Stadtwerke Lübbecke GmbH;32312;Lübbecke;
stadtwerke-luebeck;Stromanbieter Stadtwerke Lübeck GmbH;23560;Lübeck;
stadtwerke-luebz;Stromanbieter Stadtwerke Lübz GmbH;19386;Lübz;
stadtwerke-luedenscheid;Stromanbieter Stadtwerke Lüdenscheid GmbH;58507;Lüdenscheid;
stadtwerke-luenen;Stromanbieter Stadtwerke Lünen GmbH;44534;Lünen;
stadtwerke-lutherstadt-eisl-;Stromanbieter Stadtwerke Lutherstadt Eisleben GmbH;06295;Lutherstadt Eisleben;
stadtwerke-malchow;Stromanbieter Stadtwerke Malchow;17213;Malchow;
stadtwerke-marburg;Stromanbieter Stadtwerke Marburg GmbH;35039;Marburg;
stadtwerke-meerane;Stromanbieter Stadtwerke Meerane GmbH;08393;Meerane;
stadtwerke-meiningen;Stromanbieter Stadtwerke Meiningen GmbH;98617;Meiningen;
stadtwerke-meissen;Strom von Sw Meißen;01662;Meißen;
stadtwerke-menden;Stromanbieter Stadtwerke Menden GmbH;58708;Menden;
stadtwerke-mengen;Stromanbieter Stadtwerke Mengen;88512;Mengen;
stadtwerke-merseburg;Stromanbieter Stadtwerke Merseburg GmbH;06217;Merseburg;
stadtwerke-merzig;Stromanbieter Stadtwerke Merzig GmbH;66663;Merzig;
stadtwerke-metzingen;Stromanbieter Stadtwerke Metzingen;72555;Metzingen;
stadtwerke-moessingen;Stromanbieter Stadtwerke Mössingen;72116;Mössingen;
stadtwerke-mosbach;Stromanbieter Stadtwerke Mosbach GmbH;74821;Mosbach;
stadtwerke-muehlacker;Stromanbieter Stadtwerke Mühlacker GmbH;75417;Mühlacker;
stadtwerke-muehldorf-a-inn;Stadtwerke Mühldorf am Inn GmbH & Co. KG;84453;Mühldorf a. Inn;
stadtwerke-muehlhausen;Stromanbieter Stadtwerke Mühlhausen GmbH;99974;Mühlhausen;
stadtwerke-muehlheim;Strom von Sw Mühlheim;63165;Mühlheim;
stadtwerke-muellheimstaufen;Strom von Sw MüllheimStaufen;79379;Müllheim;
stadtwerke-muenster;Stromanbieter Stadtwerke Münster GmbH;48151;Münster;
stadtwerke-munster-bispingen;Stromanbieter Stadtwerke Munster;29633;Munster;
stadtwerke-neckarsulm;Sw Neckarsulm;74172;Neckarsulm;
stadtwerke-nettetal;Stromanbieter Stadtwerke Nettetal GmbH;41334;Nettetal;
stadtwerke-neu-isenburg;Stromanbieter Stadtwerke Neu;63263;Neu-Isenburg;
stadtwerke-neuburg-donau;Stromanbieter Stadtwerke Neuburg a. d. Donau;86633;Neuburg an der Donau;
stadtwerke-neuenhaus;Stadtwerke Neuenhaus GmbH 2026;49828;Neuenhaus;
stadtwerke-neuffen;Stromanbieter Stadtwerke Neuffen AG;72639;Neuffen;
stadtwerke-neumarkt-i-d-ob-;Stromanbieter Stadtwerke Neumarkt in der Oberpfalz;92318;Neumarkt i.d.Opf.;
stadtwerke-neumuenster;Stromanbieter SWN Stadtwerke Neumünster GmbH;24534;Neumünster;
stadtwerke-neunburg-v-wald;Stadtwerke Neunburg vorm Wald Strom GmbH;92431;Neunburg vorm Wald;
stadtwerke-neuruppin;Stromanbieter Stadtwerke Neuruppin GmbH;16816;Neuruppin;
stadtwerke-neuss;Stadtwerke Neuss Energie und Wasser GmbH;41464;Neuss;
stadtwerke-neustadt-aisch-;Stromanbieter Stadtwerke Neustadt an der Aisch GmbH;91413;Neustadt a.d. Aisch;
stadtwerke-neustadt-donau-;Stromanbieter Stadtwerke Neustadt an der Donau;93333;Neustadt a.d.Donau;
stadtwerke-neustadt-holst-;Stromanbieter Stadtwerke Neustadt in Holstein;23730;Neustadt;
stadtwerke-neustadt-orla-;Stromanbieter Stadtwerke Neustadt an der Orla GmbH;07806;Neustadt an der Orla;
stadtwerke-neustadt-rbge;Stadtwerke Neustadt am Rübenberge GmbH & Co. KG;31535;Neustadt a. Rgbe.;
stadtwerke-neustadt-wein-;Stadtwerke Neustadt an der Weinstraße GmbH;67433;Neustadt an der Weinstrasse;
stadtwerke-neustadt;Stromanbieter SWN Stadtwerke Neustadt GmbH;96465;Neustadt;
stadtwerke-neustrelitz;Stromanbieter Stadtwerke Neustrelitz GmbH;17235;Neustrelitz;
stadtwerke-neuwied;Stromanbieter Stadtwerke Neuwied GmbH;56564;Neuwied;
stadtwerke-niebuell;Stromanbieter Stadtwerke Niebüll GmbH;25899;Nieb;
stadtwerke-niederrhein;Stromanbieter Stadtwerke Niederrhein;47574;Goch;
stadtwerke-niesky;Stromanbieter Stadtwerke Niesky GmbH;02906;Niesky;
stadtwerke-norden;Stromanbieter Stadtwerke Norden;26506;Norden;
stadtwerke-norderney;Stromanbieter Stadtwerke Norderney GmbH;26548;Norderney;
stadtwerke-norderstedt;Stromanbieter Stadtwerke Norderstedt;22846;Norderstedt;
stadtwerke-nordfriesland;Stromanbieter Stadtwerke Nordfriesland;25899;Niebüll;
stadtwerke-nortorf;Stromanbieter Stadtwerke Nortorf AöR;24589;Nortorf / Holstein;
stadtwerke-nuertingen;Stromanbieter Stadtwerke Nürtingen GmbH;72622;Nürtingen;
stadtwerke-oberkirch;Stromanbieter Stadtwerke Oberkirch GmbH;77704;Oberkirch;
stadtwerke-oberriexingen;Stromanbieter Stadtwerke Oberriexingen GmbH;71739;Oberriexingen;
stadtwerke-oberursel;Stromanbieter Stadtwerke Oberursel (Taunus) GmbH;61440;Oberursel;
stadtwerke-ochtrup;Stromanbieter Stadtwerke Ochtrup;48607;Ochtrup;
stadtwerke-oehringen;Strom von Sw Öhringen;74613;Öhringen;
stadtwerke-oelsnitz-vogtl-;Stromanbieter Stadtwerke OELSNITZ/V. GmbH;08606;Oelsnitz/Vogtl.;
stadtwerke-oerlinghausen;Stromanbieter Stadtwerke Oerlinghausen GmbH;33813;Oerlinghausen;
stadtwerke-olbernhau;Stromanbieter Stadtwerke Olbernhau GmbH;09526;Olbernhau;
stadtwerke-olching;Stromanbieter Stadtwerke Olching GmbH;82140;Olching;
stadtwerke-oldenburg;Stromanbieter Stadtwerke Oldenburg in Holstein GmbH;23758;Oldenburg in Holstein;
stadtwerke-olpe;Stromanbieter Sw Olpe;57462;Olpe;
stadtwerke-oranienburg;Stromanbieter Stadtwerke Oranienburg GmbH;16515;Oranienburg;
stadtwerke-osnabrueck;Stromanbieter Stadtwerke Osnabrück AG;49074;Osnabrück;
stadtwerke-ostmuensterland;Strom von SW Ostmünsterland;48291;Telgte;
stadtwerke-overath;Stromanbieter Stadtwerke Overath Energie GmbH;51491;Overath;
stadtwerke-paderborn;Stromanbieter Stadtwerke Paderborn GmbH;33102;Paderborn;
stadtwerke-pappenheim;Stromanbieter Stadtwerke Pappenheim;91788;Pappenheim;
stadtwerke-parchim;Stromanbieter Stadtwerke Parchim GmbH;19370;Parchim;
stadtwerke-pasewalk;Stromanbieter Stadtwerke Pasewalk GmbH;17309;Pasewalk;
stadtwerke-passau;Stromanbieter Stadtwerke Passau GmbH;94036;Passau;
stadtwerke-peine;Stromanbieter Stadtwerke Peine GmbH;31224;Peine;
stadtwerke-pfaffenhofen;Strom von SW Pfaffenhofen;85276;Pfaffenhofen a. d. Ilm;
stadtwerke-pfarrkirchen;Stromanbieter Stadtwerke Pfarrkirchen;84347;Pfarrkirchen;
stadtwerke-pforzheim;Stadtwerke Pforzheim;75179;Pforzheim;
stadtwerke-pfullendorf;Stromanbieter Stadtwerke Pfullendorf GmbH;88630;Pfullendorf;
stadtwerke-pinneberg;Stromanbieter Stadtwerke Pinneberg GmbH;25421;Pinneberg;
stadtwerke-pirmasens;Stromanbieter Stadtwerke Pirmasens Versorgungs GmbH;66954;Pirmasens;
stadtwerke-plattling;Stromanbieter Stadtwerke Plattling;94447;Plattling;
stadtwerke-plauen-strom;Strom von SW Plauen;08523;Plauen;
stadtwerke-ploen;Strom von Stadtwerke Plön;24306;Plön;
stadtwerke-porta-westfalica;Stromanbieter Stadtwerke Porta Westfalica GmbH;32457;Porta Westfalica;
stadtwerke-prenzlau;Stromanbieter Stadtwerke Prenzlau GmbH;17291;Prenzlau;
stadtwerke-pritzwalk;Stromanbieter Stadtwerke Pritzwalk GmbH;16928;Pritzwalk;
stadtwerke-pulheim;Stromanbieter Stadtwerke Pulheim GmbH;50259;Pulheim;
stadtwerke-quedlinburg;Stromanbieter Stadtwerke Quedlinburg GmbH;06484;Quedlinburg;
stadtwerke-quickborn;Stromanbieter Stadtwerke Quickborn GmbH;25451;Quickborn;
stadtwerke-radevormwald;Stromanbieter Stadtwerke Radevormwald GmbH;42477;Radevormwald;
stadtwerke-radolfzell;Stromanbieter Stadtwerke Radolfzell GmbH;78315;Radolfzell;
stadtwerke-ramstein-mies-;Stromanbieter Stadtwerke Ramstein;66877;Ramstein-Miesenbach;
stadtwerke-rastatt;Stromanbieter Stadtwerke Rastatt GmbH;76437;Rastatt;
stadtwerke-ratingen;Stromanbieter Stadtwerke Ratingen GmbH;40878;Ratingen;
stadtwerke-recklinghausen;Sw Recklinghausen;45657;Recklinghausen;
stadtwerke-rees;Stromanbieter Stadtwerke Rees GmbH;46459;Rees;
stadtwerke-reichenbach-vogtl;Stromanbieter Stadtwerke Reichenbach/Vogtland GmbH;08468;Reichenbach;
stadtwerke-rendsburg;Stromanbieter Stadtwerke Rendsburg GmbH;24768;Rendsburg;
stadtwerke-rhede;Stromanbieter Stadtwerke Rhede GmbH;46414;Rhede;
stadtwerke-ribnitz-damgarten;Stadtwerke Ribnitz;18311;Ribnitz-Damgarten;
stadtwerke-riesa;Stromanbieter Stadtwerke Riesa GmbH;01587;Riesa;
stadtwerke-rinteln;Stromanbieter Stadtwerke Rinteln GmbH;31737;Rinteln;
stadtwerke-rl;Stromanbieter Stadtwerke Rietberg;33397;Rietberg;
stadtwerke-roethenbach;Stadtwerke Röthenbach a. d. Pegnitz GmbH;90552;Röthenbach a.d.Pegnitz;
stadtwerke-rosenheim;Stromanbieter Stadtwerke Rosenheim Versorgungs GmbH;83022;Rosenheim;
stadtwerke-rostock;Stromanbieter Stadtwerke Rostock AG;18069;Rostock;
stadtwerke-rotenburg-wuemme-;Strom von Sw Rotenburg (Wümme);27356;Rotenburg;
stadtwerke-roth;Stromanbieter Stadtwerke Roth;91154;Roth;
stadtwerke-rothenburg;Stromanbieter Stadtwerke Rothenburg o.d.T. GmbH;91541;Rothenburg o.T.;
stadtwerke-rottenburg;Stromanbieter Stadtwerke Rottenburg am Neckar GmbH;72108;Rottenburg am Neckar;
stadtwerke-ruesselsheim;Stromanbieter Stadtwerke Rüsselsheim GmbH;;;
stadtwerke-saalfeld;Stromanbieter Stadtwerke Saalfeld GmbH;07318;Saalfeld;
stadtwerke-saarlouis;Stromanbieter Stadtwerke Saarlouis GmbH;66740;Saarlouis;
stadtwerke-sangerhausen;Stromanbieter Stadtwerke Sangerhausen GmbH;06526;Sangerhausen;
stadtwerke-sankt-augustin;SW Sankt Augustin;53757;Sankt Augustin;
stadtwerke-schaumburg-lippe;Stromanbieter Stadtwerke Schaumburg;31675;Bückeburg;
stadtwerke-scheinfeld;Stromanbieter Stadtwerke Scheinfeld;91443;Scheinfeld;
stadtwerke-schifferstadt;Stromanbieter Stadtwerke Schifferstadt;67105;Schifferstadt;
stadtwerke-schkeuditz;Stromanbieter Stadtwerke Schkeuditz GmbH;04435;Schkeuditz;
stadtwerke-schlitz;Stromanbieter Stadtwerke Schlitz;36110;Schlitz;
stadtwerke-schmalkalden;Stromanbieter SWS Stadtwerke Schmalkalden GmbH;98574;Schmalkalden;
stadtwerke-schneeberg;Stromanbieter Stadtwerke Schneeberg GmbH;08289;Schneeberg;
stadtwerke-schneverdingen;Stadtwerke Schneverdingen;29640;Schneverdingen;
stadtwerke-schoenebeck;Stromanbieter SWS Stadtwerke Schönebeck GmbH;39218;Schönebeck;
stadtwerke-schorndorf;Stromanbieter Stadtwerke Schorndorf GmbH;73614;Schorndorf;
stadtwerke-schramberg;Stromanbieter Stadtwerke Schramberg GmbH & Co. KG;78713;Schramberg;
stadtwerke-schwabach;Stromanbieter Stadtwerke Schwabach GmbH;91126;Schwabach;
stadtwerke-schwaebisch-gmuend;Strom von Sw Schwäbisch Gmünd;73525;Schwäbisch Gmünd;
stadtwerke-schwaebisch-hall;Strom von Sw Schwäbisch Hall;74523;Schwäbisch Hall;
stadtwerke-schwarzenberg;Stromanbieter Stadtwerke Schwarzenberg GmbH;08340;Schwarzenberg / Erzgeb.;
stadtwerke-schwedt;Stromanbieter Stadtwerke Schwedt GmbH;16303;Schwedt/Oder;
stadtwerke-schweinfurt;Stromanbieter Stadtwerke Schweinfurt GmbH;97421;Schweinfurt;
stadtwerke-schwentinental;Stromanbieter Stadtwerke Schwentinental GmbH;24222;Schwentinental;
stadtwerke-schwerin;Stadtwerke Schwerin;19061;Schwerin;
stadtwerke-schwerte;Stromanbieter Stadtwerke Schwerte GmbH;58239;Schwerte;
stadtwerke-schwetzingen;Strom von Sw Schwetzingen;68723;Schwetzingen;
stadtwerke-se;Stromanbieter Stadtwerke Schüttorf;48465;Schüttorf;
stadtwerke-senftenberg;Stromanbieter Stadtwerke Senftenberg GmbH;01968;Senftenberg;
stadtwerke-sigmaringen;Stromanbieter Stadtwerke Sigmaringen;72488;Sigmaringen;
stadtwerke-sindelfingen;Stromanbieter Stadtwerke Sindelfingen GmbH;71063;Sindelfingen;
stadtwerke-soest;Stadtwerke Soest;;;
stadtwerke-solingen;Stromanbieter Stadtwerke Solingen GmbH;42655;Solingen;
stadtwerke-soltau;Stromanbieter Stadtwerke Soltau GmbH & Co. KG;29614;Soltau;
stadtwerke-sondershausen;Stromanbieter Stadtwerke Sondershausen GmbH;99706;Sondershausen;
stadtwerke-speyer;Stromanbieter Stadtwerke Speyer GmbH;67346;Speyer;
stadtwerke-springe;Stromanbieter Stadtwerke Springe GmbH;31832;Springe;
stadtwerke-st-ingbert;Stromanbieter Stadtwerke St. Ingbert GmbH;66386;St. Ingbert;
stadtwerke-st-wendel;Strom von Sw St Wendel;66606;St. Wendel;
stadtwerke-stade;Stromanbieter Stadtwerke Stade GmbH;21682;Stade;
stadtwerke-stadtoldendorf;Stromanbieter Stadtwerke Stadtoldendorf GmbH;37627;Stadtoldendorf;
stadtwerke-stadtroda;Stromanbieter Stadtwerke Stadtroda GmbH;07646;Stadtroda;
stadtwerke-stassfurt;Stromanbieter Stadtwerke Staßfurt GmbH;39418;Staßfurt;
stadtwerke-stein;Stromanbieter Stadtwerke Stein GmbH & Co. KG;90547;Stein;
stadtwerke-steinfurt;Stromanbieter Stadtwerke Steinfurt GmbH;48565;Steinfurt;
stadtwerke-steinheim;Stromanbieter Sw Steinheim;;;
stadtwerke-stendal;Stromanbieter Stadtwerke Stendal GmbH;39576;Stendal;
stadtwerke-stockach;Stromanbieter Stadtwerke Stockach GmbH;78333;Stockach;
stadtwerke-straubing;Stromanbieter Stadtwerke Straubing Strom und Gas GmbH;94315;Straubing;
stadtwerke-strausberg;Stromanbieter Stadtwerke Strausberg GmbH;15344;Strausberg;
stadtwerke-stuttgart;Stadtwerke Stuttgart Vertriebsgesellschaft mbH;70174;Stuttgart;
stadtwerke-suedholstein;Stadtwerke Südholstein GmbH Erfahrungen 2024;25421;Pinneberg;
stadtwerke-suhl-zella-mehlis;Stromanbieter Stadtwerke Suhl/Zella;98528;Suhl;
stadtwerke-sulzbach-saar;Stromanbieter Stadtwerke Sulzbach/Saar GmbH;66280;Sulzbach;
stadtwerke-tecklenb-land;Stadtwerke Tecklenburger Land Energie GmbH;49477;Ibbenbüren;
stadtwerke-testung;Stadtwerke Testung GmbH;17398;Testung;
stadtwerke-teterow;Stromanbieter Stadtwerke Teterow GmbH;17166;Teterow;
stadtwerke-thale;Stromanbieter Stadtwerke Thale GmbH;06502;Thale;
stadtwerke-tirschenreuth;Stadtwerke Tirschenreuth Strom;95643;Tirschenreuth;
stadtwerke-torgau;Stromanbieter Stadtwerke Torgau GmbH;04860;Torgau;
stadtwerke-torgelow;Stromanbieter Stadtwerke Torgelow GmbH;17358;Torgelow;
stadtwerke-tornesch;Stromanbieter Stadtwerke Tornesch GmbH;25436;Tornesch;
stadtwerke-traunstein;Stromanbieter Stadtwerke Traunstein GmbH & Co. KG;83278;Traunstein;
stadtwerke-treuchtlingen;Stromanbieter Stadtwerke Treuchtlingen;91757;Treuchtlingen;
stadtwerke-trier;SWT Stadtwerke Trier;54290;Trier;
stadtwerke-troisdorf;Stadtwerke Troisdorf;;;
stadtwerke-trostberg;Stadtwerke Trostberg Stromversorgung GmbH;83308;Trostberg;
stadtwerke-tuebingen;Stadtwerke Tübingen;;;
stadtwerke-tuttlingen;Stromanbieter Stadtwerke Tuttlingen GmbH;78532;Tuttlingen;
stadtwerke-ueberlingen;Strom von Stadtwerke Überlingen;88662;Überlingen;
stadtwerke-uelzen;Stromanbieter Stadtwerke Uelzen GmbH;29525;Uelzen;
stadtwerke-uetersen;Stromanbieter Stadtwerke Uetersen GmbH;25436;Uetersen;
stadtwerke-uffenheim;Stromanbieter Stadtwerke Uffenheim;97215;Uffenheim;
stadtwerke-unna;Stromanbieter Stadtwerke Unna GmbH;59423;Unna;
stadtwerke-uslar;Stromanbieter Stadtwerke Uslar GmbH;37170;Uslar;
stadtwerke-velbert;Stromanbieter Stadtwerke Velbert GmbH;42549;Velbert;
stadtwerke-velten;Stromanbieter Stadtwerke Velten GmbH;16727;Velten;
stadtwerke-verden;Stromanbieter Stadtwerke Verden GmbH;27283;Verden;
stadtwerke-versmold;Stromanbieter Strom;33775;Versmold;
stadtwerke-viernheim;Stromanbieter Stadtwerke Viernheim GmbH;68519;Viernheim;
stadtwerke-vilsbiburg;Stromanbieter Stadtwerke Vilsbiburg;84137;Vilsbiburg;
stadtwerke-vilshofen;Stromanbieter Stadtwerke Vilshofen GmbH;94474;Vilshofen;
stadtwerke-vlotho;Stromanbieter Stadtwerke Vlotho GmbH;32602;Vlotho;
stadtwerke-voelklingen;Strom von Sw Völklingen;66333;Völklingen;
stadtwerke-voerde;Stromanbieter Stadtwerke Voerde GmbH;46562;Voerde;
stadtwerke-vs;Stromanbieter Stadtwerke Villingen;78048;Villingen-Schwenningen;
stadtwerke-wachenheim;Stromanbieter Stadtwerke Wachenheim;67157;Wachenheim;
stadtwerke-wadern;Stromanbieter Stadtwerke Wadern GmbH;66687;Wadern;
stadtwerke-waiblingen;Stromanbieter Stadtwerke Waiblingen GmbH;71332;Waiblingen;
stadtwerke-waldkirch;Stromanbieter Stadtwerke Waldkirch GmbH;79183;Waldkirch;
stadtwerke-waldkirchen;Stromanbieter Stadtwerke Waldkirchen;94065;Waldkirchen;
stadtwerke-waldkraiburg;Stromanbieter Stadtwerke Waldkraiburg GmbH;84478;Waldkraiburg;
stadtwerke-waldmuenchen;Stromanbieter Stadtwerke Waldmünchen;93449;Waldmünchen;
stadtwerke-waldshut-t;Stromanbieter Stadtwerke Waldshut;79761;Waldshut-Tiengen;
stadtwerke-walldorf;Stromanbieter Stadtwerke Walldorf GmbH & Co. KG;69190;Walldorf;
stadtwerke-wallduern;Stromanbieter Stadtwerke Walldürn GmbH;74731;Walldürn;
stadtwerke-waltrop;Stromanbieter Stadtwerke Waltrop GmbH & Co. KG;45731;Waltrop;
stadtwerke-warburg;Stromanbieter Stadtwerke Warburg GmbH;34414;Warburg;
stadtwerke-waren;Stromanbieter Stadtwerke Waren GmbH;17192;Waren;
stadtwerke-wasserburg;Stromanbieter Stadtwerke Wasserburg a. Inn;83512;Wasserburg a. Inn;
stadtwerke-wedel;Stadtwerke Wedel;;;
stadtwerke-weiden;Stromanbieter Stadtwerke Weiden i.d.OPf.;92637;Weiden i.d.OPf.;
stadtwerke-weilburg;Stromanbieter Stadtwerke Weilburg GmbH;35781;Weilburg;
stadtwerke-weilheim;Stromanbieter Stadtwerke Weilheim i.OB;82362;Weilheim i.OB;
stadtwerke-weimar;Stromanbieter Stadtwerke Weimar Stadtversorgungs;99427;Weimar;
stadtwerke-weinheim;Stromanbieter Stadtwerke Weinheim GmbH;69469;Weinheim;
stadtwerke-weinstadt;Stromanbieter Stadtwerke Weinstadt;71384;Weinstadt;
stadtwerke-weissenburg;Stromanbieter Stadtwerke Weißenburg GmbH;91781;Weißenburg / Bayern;
stadtwerke-weissenfels;Stromanbieter Stadtwerke Weißenfels GmbH;06667;Weißenfels;
stadtwerke-weisswasser;Stromanbieter Stadtwerke Weißwasser GmbH;02943;Weisswasser;
stadtwerke-werdau;Stromanbieter Stadtwerke Werdau GmbH;08412;Werdau;
stadtwerke-werl;Stromanbieter Stadtwerke Werl GmbH;59457;Werl;
stadtwerke-wernigerode;Stromanbieter Stadtwerke Wernigerode GmbH;38855;Wernigerode;
stadtwerke-wertheim;Stromanbieter Stadtwerke Wertheim GmbH;97877;Wertheim;
stadtwerke-wesel;Stromanbieter Stadtwerke Wesel GmbH;46485;Wesel;
stadtwerke-weserbergland;Stromanbieter Stadtwerke Weserbergland GmbH;31785;Hameln;
stadtwerke-willich;Stromanbieter Stadtwerke Willich GmbH;47877;Willich;
stadtwerke-wilster;Stromanbieter Stadtwerke Wilster;25554;Wilster;
stadtwerke-windsbach;Stromanbieter Stadtwerke Windsbach;91575;Windsbach;
stadtwerke-winnenden;Stromanbieter Stadtwerke Winnenden GmbH;71364;Winnenden;
stadtwerke-winsen-luhe-;Stromanbieter Stadtwerke Winsen (Luhe) GmbH;21423;Winsen;
stadtwerke-wismar;Stromanbieter Stadtwerke Wismar GmbH;23970;Wismar;
stadtwerke-wissen;Stromanbieter Stadtwerke Wissen GmbH;57537;Wissen;
stadtwerke-witten;Stromanbieter Stadtwerke Witten GmbH;58455;Witten;
stadtwerke-wittenberge;Stromanbieter Stadtwerke Wittenberge GmbH;19322;Wittenberge;
stadtwerke-wolfenbuettel;Stromanbieter Stadtwerke Wolfenbüttel GmbH;38304;Wolfenbüttel;
stadtwerke-wolfhagen;Stromanbieter Stadtwerke Wolfhagen GmbH;34466;Wolfhagen;
stadtwerke-wolmirstedt;Stromanbieter Stadtwerke Wolmirstedt GmbH;39326;Wolmirstedt;
stadtwerke-wuelfrath;Stromanbieter Sw Wülfrath;42489;Wülfrath;
stadtwerke-wuerzburg;Stromanbieter Stadtwerke Würzburg AG;97070;Würzburg;
stadtwerke-wunstorf;Stromanbieter Stadtwerke Wunstorf GmbH & Co. KG;31515;Wunstorf;
stadtwerke-zeil-a-main;Stromanbieter Stadtwerke Zeil am Main;97475;Zeil a. Main;
stadtwerke-zeitz;Stromanbieter Stadtwerke Zeitz GmbH;06712;Zeitz;
stadtwerke-zeven;Stromanbieter Stadtwerke Zeven GmbH;27404;Zeven;
stadtwerke-zirndorf;Stromanbieter Stadtwerke Zirndorf GmbH;90513;Zirndorf;
stadtwerke-zittau;Stromanbieter Stadtwerke Zittau GmbH;02763;Zittau;
stadtwerke-zweibruecken;Stromanbieter Stadtwerke Zweibrücken GmbH;66482;Zweibrücken;
stadtwerke-zwiesel;Stromanbieter Stadtwerke Zwiesel;94227;Zwiesel;
stadtwerkearrayhennigsdorf;Stadtwerke Hennigsdorf GmbH;16761;Hennigsdorf;
stadtwerkenergie;Stadtwerkenergie Ostwestfalen;32758;Detmold;
staedtische-werke-ag;Strom von Städtische Werke AG;34117;Kassel;
stauferwerk;Stromanbieter stauferwerk GmbH & Co. KG;73312;Geislingen;
steingass-mineraloele;Stromanbieter Steingass Mineralöle GmbH;51375;Leverkusen;
stern-strom;Stromanbieter Stern Strom GmbH;83093;Bad Endorf;
stiebel-eltron;Stromanbieter STIEBEL ELTRON UmweltStromPlus;;;
stm;Stromanbieter wbm Wirtschaftsbetriebe Meerbusch GmbH;40670;Meerbusch;
strasserauf;strasserauf;46045;Oberhausen;
strogon;Stromanbieter STROGON GmbH;53111;Bonn;
strom-09;Strom09;20359;Hamburg;
strom-germering;Stromanbieter Strom Germering GmbH;82110;Germering;
strom-manufaktur;Strom von Energie.Manufaktur;01069;Dresden;
strom-saig;Stromanbieter Strombezugsgenossenschaft Saig eG;79853;Lenzkirch-Saig;
strom-von-foehr;Strom von Strom von Föhr;25938;Oevenum;
stromee;stromee;10777;Berlin;
stromio;Stromanbieter Stromio;39004;Magdeburg;
stromistgruen;Stromanbieter stromistgrün;75179;Pforzheim;
stromversorgung-ahrensburg;Stromanbieter Stromversorgung Ahrensburg GmbH;22926;Ahrensburg;
stromversorgung-angermuende;Stromanbieter Stromversorgung Angermünde GmbH;16278;Angermünde;
stromversorgung-egloffstein;Stromanbieter Stromversorgung Markt Egloffstein;91349;Egloffstein;
stromversorgung-greding;Stromanbieter Stromversorgung Greding eG;91171;Greding;
stromversorgung-greifswald;Stromanbieter Stromversorgung Greifswald GmbH;17489;Greifswald;
stromversorgung-haar;Stromanbieter SVH Stromversorgung Haar GmbH;85540;Haar;
stromversorgung-hemhofen;Stromanbieter Stromversorgung der Gemeinde Hemhofen;91334;Hemhofen;
stromversorgung-inzell;Stromanbieter Stromversorgung Inzell eG;83334;Inzell;
stromversorgung-neunkirchen;Stromanbieter Stromversorgung Neunkirchen GmbH;91207;Lauf a. d. Pegnitz;
stromversorgung-pirna;Stromanbieter Stromversorgung Pirna GmbH;01796;Pirna;
stromversorgung-ruhpolding;Stromanbieter Stromversorgung Ruhpolding GmbH;83324;Ruhpolding;
stromversorgung-schierling;Stromanbieter Stromversorgung Schierling eG;84069;Schierling;
stromversorgung-seebruck;Stromanbieter Stromversorgung Seebruck eG;83358;Seebruck am Chiemsee;
stromversorgung-sulz;Stromanbieter Stromversorgung Sulz GmbH;72172;Sulz a. N.;
stromversorgung-unterwoessen;Strom von SV Unterwössen;83246;Unterwössen;
stromversorgung-von-berg;Stromanbieter Stromversorgung von Berg GmbH;;;
stromversorgung-zerbst;Stromanbieter Stromversorgung Zerbst GmbH & Co. KG;39261;Zerbst;
strotoeg;Stromanbieter strotög GmbH Strom für Töging;84513;Töging a. Inn;
stuttgartenergie;Stromanbieter stuttgartENERGIE 2026;70174;Stuttgart;
stwl-lauf-pegnitz;Stromanbieter StWL Städtische Werke Lauf a.d. Pegnitz GmbH;91207;Lauf a.d. Pegnitz;
suec-energie;Strom von SÜC Energie;96450;Coburg;
suenergie;Stromanbieter SUEnergie GmbH & Co. KG;73079;Süßen;
suew-luckau-luebbenau;Strom von SÜW Luckau;15926;Luckau;
suew-luebben;Strom von SÜW Lübben;15907;Lübben;
suewag;Strom von Süwag;65929;Frankfurt am Main;
sunshine-energie;sunshine energie;91541;Rothenburg ob der Tauber;
susienergie;susiEnergie;88250;Weingarten;
svb-siegen;Strom von SVB Siegen;57072;Siegen;
svi;Stromanbieter SVI;85737;Ismaning;
svo;Stromanbieter SVO Vertrieb GmbH;29223;Celle;
svs-versogungsbetrie;Stromanbieter SVS;48703;Stadtlohn;
sw-borkum;Stadtwerke Nordseeheilbad Borkum GmbH Elektrizitäts;26757;Borkum;
sw-borna;Strom von Sw Borna;04552;Borna;
sw-dessau;Strom von Sw Dessau;;;
sw-magdeburg;Strom von SW Magdeburg;39104;Magdeburg;
sw-roedental;Strom von Sw Rödental;96472;Rödental;
sw-roesrath;Stromanbieter StadtWerke Rösrath;51503;Rösrath;
sw-spremberg;Strom von Sw Spremberg;03130;Spremberg;
sw-wunsiedel;Stromanbieter SWW Wunsiedel GmbH;95632;Wunsiedel;
swb-bonn;Stromanbieter SWB Energie;53111;Bonn;
swb-bremen;swb;28215;Bremen;
swb-bremerhaven;Stromanbieter swb Vertrieb Bremerhaven GmbH & Co. KG;27568;Bremerhaven;
swd;Strom von Sw Delitzsch;04509;Delitzsch;
swe-energie;SWE Energie;99086;Erfurt;
switch-green;switch green;;;
switch;switch Energie;45136;Essen;
swk-energie;SWK Energie GmbH;47804;Krefeld;
swk-kaiserslautern;Stromanbieter SWK Stadtwerke Kaiserslautern Versorgungs AG;67655;Kaiserslautern;
swm;Stadtwerke München (SWM);;;
swn;Stromanbieter SWN Stadtwerke Northeim GmbH;37154;Northeim;
sws-energie;Stromanbieter SWS Energie GmbH;18439;Stralsund;
swu-energie;Stromanbieter SWU Energie GmbH;89073;Ulm;
swv-regional;Stromanbieter SWV Regional GmbH;33775;Versmold;
tadoarrayenergy;tado Energy powered by aWATTar;80637;München;
tauberenergie-kuhn;Stromanbieter TauberEnergie Kuhn;97980;Bad Mergentheim;
taunaenergie;TaunaEnergie;61440;Oberursel;
tchibo-marke-vf;Tchibo Energy;20457;Hamburg;
tchibo;Stromanbieter Tchibo Energie GmbH;22297;Hamburg;
teag;TEAG;99087;Erfurt;
team-energie;team energie;24941;Flensburg;
teckwerke;Stromanbieter Teckwerke Bürgerenergie eG;73230;Kirchheim unter Teck;
ten;Stromanbieter Teutoburger Energie Netzwerk eG;49170;Hagen a.T.W;
the-mobility-house;The Mobility House GmbH Erfahrungen 2024;81669;München;
thuega-energie-allgaeu;Strom von Thüga Energie GmbH, Allgäu;88339;Bad Waldsee;
thuega-energie-pfalz;Strom von Stromanbieter Thüga Energie GmbH, Pfalz;67105;Schifferstadt;
thuega-energie-singen;Stromanbieter Thüga Energie GmbH, Singen;78224;Singen;
thuega-energie;Thüga Energie GmbH 2026;78224;Singen;
tibber;Tibber;;;
total-energie-gas;Stromanbieter TOTAL Energie Gas GmbH;70736;Fellbach;
turbine;SC Turbine;39104;Magdeburg;
tw-delitzsch;Stromanbieter Technische Werke Delitzsch GmbH;04509;Delitzsch;
tw-losheim;Stromanbieter Technische Werke der Gemeinde Losheim GmbH;66679;Losheim a. See;
tw-naumburg;Stromanbieter Technische Werke Naumburg GmbH;06618;Naumburg;
tw-osning;Stromanbieter Technische Werke Osning GmbH;33790;Halle in Westfalen;
twf;Stromanbieter Technische Werke Friedrichshafen GmbH;88046;Friedrichshafen;
twh;Stromanbieter TWH;89542;Herbrechtingen;
twl-energie;Stromanbieter TWL Energie Deutschland GmbH;67063;Ludwigshafen;
twl;Technische Werke Ludwigshafen;67063;Ludwigshafen;
tws-saarwellingen;TWS Technische Werke der Gemeinde Saarwellingen GmbH;66793;Saarwellingen;
tws-thueringer-waerme;Energie;07407;Rudolstadt;
tws;Stromanbieter Technische Werke Schussental GmbH & Co. KG;88212;Ravensburg;
ubitricity;ubitricity Gesellschaft für verteilte Energiesysteme mbH;10587;Berlin;
unser-e;Unser E GmbH 2026;14641;Nauen;
vattenfall-sales-alt;Vattenfall Sales;;;
vattenfall;Vattenfall;;;vattenfall.de
vb-bordesholm;Stromanbieter Versorgungsbetriebe Bordesholm GmbH;24582;Bordesholm;
vb-elbe;Stromanbieter Versorgungsbetriebe Elbe GmbH;21481;Lauenburg/Elbe;
vb-hann-muenden;Stromanbieter Versorgungsbetriebe Hann. Münden GmbH;34346;Hann. Münden;
vb-hoyerswerda;Stromanbieter Versorgungsbetriebe Hoyerswerda GmbH;02977;Hoyerswerda;
vb-kronshagen;Stromanbieter Versorgungsbetriebe Kronshagen GmbH;24119;Kronshagen;
vb-roettingen;Stromanbieter Versorgungsbetriebe Röttingen;97285;Röttingen;
vb-waldbuettelbrunn;Stromanbieter Versorgungsbetrieb Waldbüttelbrunn GmbH;97297;Waldbüttelbrunn;
vb-zellingen;Stromanbieter Versorgungsbetriebe Zellingen;97225;Zellingen;
veganstrom;VeganStrom;10999;Berlin;
vereinigtestadtwerke;Stromanbieter Vereinigte Stadtwerke GmbH;23909;Ratzeburg;
ves-sersheim;Ver;74372;Sersheim;
vestische-energie;Stromanbieter Vestische Energie GmbH;45657;Recklinghausen;
vgw-bruchmuehlbach;Stromanbieter Verbandsgemeindewerk Bruchmühlbach;66892;Bruchmühlbach-Miesau;
vgw-dahner-fels-;Stromanbieter Verbandsgemeindewerke Dahner Felsenland;66994;Dahn;
vgw-dannstadt;EW Dannstadter Höhe;67125;Dannstadt-Schauernheim;
vgw-eisenberg;Stromanbieter Verbandsgemeindewerke Eisenberg;67304;Eisenberg;
vgw-enkenbach;Stromanbieter Verbandsgemeindewerke Enkenbach;67677;Enkenbach-Alsenborn;
vgw-hochspeyer;Stromanbieter Verbandsgemeindewerke Hochspeyer;67691;Hochspeyer;
vgw-ruelzheim;Stromanbieter Verbands;76761;Rülzheim;
vgw;Stromanbieter Vereinigte Gas;33378;Rheda-Wiedenbrück;
vishare;Stromanbieter ViShare;10557;Berlin;
vivi-power;Stromanbieter vivi;68519;Viernheim;
volkswagen;Volkswagen Group Charging GmbH;10178;Berlin zum Anbieter;
voltaik-check;Strom von Voltaik Check;26802;Moormerland;
voltera;voltera;82166;Gräfelfing;
vonoviaarrayenergie;Vonovia Energie GmbH;44803;Bochum;
voxenergie;voxenergie;;;
vwew-wertach;Stromanbieter Vereinigte Wertach;87600;Kaufbeuren;
vws;Stromanbieter VWS Verbundwerke Südwestsachsen GmbH;09350;Lichtenstein;
wadersloh-energie;Stromanbieter Wadersloh Energie GmbH;59329;Wadersloh;
watt-energie;Strom von Watt Energie;60528;Frankfurt am Main;
wattsenergy;Ev Rheinland;40474;Düsseldorf;
watzmann-natur;Watzmann Natur Energie GmbH Erfahrungen und Bewertungen;83471;Schönau a. Königssee;
weiler-waerme;Weiler Wärme eG;72285;Pfalzgrafenweiler;
weinstrassen-energie;Weinstraßen Energie GmbH;67269;Grünstadt;
weissachtalkraftwerke;Strom von Weißachtalkraftwerke;87534;Oberstaufen;
wemag;WEMAG AG;;;
wendelsteinbahn;Stromanbieter Wendelsteinbahn GmbH;83098;Brannenburg;
wep-hueckelhoven;Stromanbieter WEP Wärme;41836;Hückelhoven;
werra-strom;Stromanbieter Werra;37213;Witzenhausen;
werraenergie;Stromanbieter Werraenergie GmbH;36433;Bad Salzungen;
westenergie;Stromanbieter WestEnergie GmbH;41812;Erkelenz;
westenthanner;Richard Westenthanner Elektrizitätsversorgung;84405;Dorfen;
westfalenwind;Stromanbieter WestfalenWIND Strom GmbH;33165;Lichtenau;
westfalica;Stromanbieter Westfalica GmbH;32547;Bad Oeynhausen;
wev;Stromanbieter Warendorfer Energieversorgung GmbH (WEV);48231;Warendorf;
wevg-salzgitter;Stromanbieter WEVG Salzgitter GmbH & Co. KG;38226;Salzgitter;
wind-line;Stromanbieter WIND LINE;79539;Lörrach;
windstroeoem;Windströöm;40213;Düsseldorf;
wir-energie;Stromanbieter Energiewerk;01219;Dresden;
wse;Stromanbieter WSE Energiedienstleistungen GmbH;61231;Bad Nauheim;
wsw;WSW Wuppertaler Stadtwerke;42281;Wuppertal;
wunderwerk;Stromanbieter Wunderwerk AG;40549;Düsseldorf;
wvg;Stromanbieter Warsteiner Verbundgesellschaft mbH;59581;Warstein;
yello;Yello Strom GmbH;;;
yippie;Yippie GmbH;63179;Obertshausen;
zeag;Stromanbieter ZEAG Energie AG;74076;Heilbronn;
zev;Stromanbieter Zwickauer Energieversorgung GmbH;08056;Zwickau;
ziegler;Elektrizitätswerk Kappelrodeck Gustav Ziegler KG;77876;Kappelrodeck;
